dist_name_new_2010,samiti_name_new_2010,gp_new_2010
AJMER,ARAIN,ajgara
AJMER,ARAIN,birla
AJMER,ARAIN,fatehgarh
AJMER,ARAIN,harpura
AJMER,ARAIN,hingoniya
AJMER,ARAIN,kheeriya
AJMER,ARAIN,lallai
AJMER,ARAIN,rampali
AJMER,ARAIN,sanpla
AJMER,ARAIN,soonpa
AJMER,ARAIN,syar
AJMER,BHINAY,badgaon
AJMER,BHINAY,bhagwantpura
AJMER,BHINAY,dabrela
AJMER,BHINAY,goyala
AJMER,BHINAY,jotaya
AJMER,BHINAY,kebaniya
AJMER,BHINAY,sarana
AJMER,BHINAY,satolav
AJMER,BHINAY,shergarh
AJMER,BHINAY,shokaliya
AJMER,BHINAY,sobari
AJMER,BHINAY,tantoti
AJMER,JAWAJA,badkhochra
AJMER,JAWAJA,delwara
AJMER,JAWAJA,khedakalan
AJMER,JAWAJA,nundrimedratan
AJMER,KEKRI,aloli
AJMER,KEKRI,bajta
AJMER,KEKRI,chitiwas
AJMER,KEKRI,dhoondhari
AJMER,KEKRI,ghatiyali
AJMER,KEKRI,gulgaon
AJMER,KEKRI,kalera kanwarji
AJMER,KEKRI,kushayata
AJMER,KEKRI,mehroonkalan
AJMER,KEKRI,napakhera girwarpura
AJMER,KEKRI,para
AJMER,KEKRI,sadara
AJMER,KEKRI,sawar
AJMER,KEKRI,tankawas
AJMER,KISHANGARH (SILORA),nwan
AJMER,MASOODA,badi
AJMER,MASOODA,masuda
AJMER,PISANGAN,baghsuri
AJMER,PISANGAN,bhanwta
AJMER,PISANGAN,bhatiyani
AJMER,PISANGAN,bhawanikhera
AJMER,PISANGAN,bithur
AJMER,PISANGAN,derathu
AJMER,PISANGAN,devnagar
AJMER,PISANGAN,dumara
AJMER,PISANGAN,ganahera
AJMER,PISANGAN,hatundi
AJMER,PISANGAN,jhadwasa
AJMER,PISANGAN,kadeil
AJMER,PISANGAN,khori
AJMER,PISANGAN,miyanpur
AJMER,PISANGAN,nand
AJMER,PISANGAN,nandla
AJMER,PISANGAN,nyara
AJMER,PISANGAN,peesangan
AJMER,PISANGAN,rajgarh
AJMER,PISANGAN,rajosi
AJMER,PISANGAN,saradhana
AJMER,PISANGAN,tilora
AJMER,SRINAGAR,ajaysar
AJMER,SRINAGAR,aradka
AJMER,SRINAGAR,babayacha
AJMER,SRINAGAR,bhudol
AJMER,SRINAGAR,beer
AJMER,SRINAGAR,bubani
AJMER,SRINAGAR,chachiyawas
AJMER,SRINAGAR,danta
AJMER,SRINAGAR,gagwana
AJMER,SRINAGAR,gegal
AJMER,SRINAGAR,godiyawas
AJMER,SRINAGAR,kayampura
AJMER,SRINAGAR,palra
AJMER,SRINAGAR,ramner dhani
AJMER,SRINAGAR,untada
ALWAR,BANSUR,bansur
ALWAR,BANSUR,gyanpura
ALWAR,BANSUR,lakedi
ALWAR,BEHROR,barod
ALWAR,BEHROR,budhwal
ALWAR,BEHROR,hamidpur
ALWAR,BEHROR,jatgaveda
ALWAR,BEHROR,kakardopa
ALWAR,BEHROR,khoher
ALWAR,BEHROR,manchal
ALWAR,BEHROR,riwali
ALWAR,KATHUMAR,behtukala
ALWAR,KATHUMAR,kathumar
ALWAR,KATHUMAR,kheda kalyanpura
ALWAR,KATHUMAR,khedlirail
ALWAR,KATHUMAR,sonkher
ALWAR,KISHANGARH BAS,bahaderpur
ALWAR,KISHANGARH BAS,bahaderpur patti
ALWAR,KISHANGARH BAS,baskripalnagar
ALWAR,KISHANGARH BAS,bhajeda
ALWAR,KISHANGARH BAS,ganj
ALWAR,KISHANGARH BAS,kishangarhbas
ALWAR,KISHANGARH BAS,patanmewan
ALWAR,KISHANGARH BAS,raibka
ALWAR,KISHANGARH BAS,sirmoli
ALWAR,KOTKASIM,belahedi
ALWAR,KOTKASIM,kanhedka
ALWAR,KOTKASIM,kotkasim
ALWAR,KOTKASIM,taubas
ALWAR,LAXMANGARH,badodamew
ALWAR,LAXMANGARH,bhesadawat
ALWAR,LAXMANGARH,butoli
ALWAR,LAXMANGARH,butiyana
ALWAR,LAXMANGARH,chidwai
ALWAR,LAXMANGARH,divali
ALWAR,LAXMANGARH,dongdi
ALWAR,LAXMANGARH,ghat
ALWAR,LAXMANGARH,govindgarh
ALWAR,LAXMANGARH,indpur
ALWAR,LAXMANGARH,iteda
ALWAR,LAXMANGARH,khedamehmood
ALWAR,LAXMANGARH,laxmangarh
ALWAR,LAXMANGARH,lili
ALWAR,LAXMANGARH,malpur
ALWAR,LAXMANGARH,moliya
ALWAR,LAXMANGARH,naswari
ALWAR,LAXMANGARH,nijamnagar
ALWAR,LAXMANGARH,nayana
ALWAR,LAXMANGARH,phaheri
ALWAR,LAXMANGARH,rambas
ALWAR,LAXMANGARH,saimlakhurd
ALWAR,LAXMANGARH,sadempur
ALWAR,MANDAWAR,bavda
ALWAR,MANDAWAR,bhugedaahir
ALWAR,MANDAWAR,gaduvas
ALWAR,MANDAWAR,jatbehrod
ALWAR,MANDAWAR,mundawar
ALWAR,MANDAWAR,shyopur
ALWAR,NEEMRANA,daulatsinghpura
ALWAR,NEEMRANA,dumroli
ALWAR,NEEMRANA,gugalkota
ALWAR,NEEMRANA,jounchakalan
ALWAR,NEEMRANA,khundroth
ALWAR,NEEMRANA,mandhan
ALWAR,NEEMRANA,mehtabas
ALWAR,NEEMRANA,neemrana
ALWAR,NEEMRANA,phlodpur
ALWAR,NEEMRANA,pratapsinghpura
ALWAR,RAJGARH,firojpur
ALWAR,RAJGARH,purana rajgarh
ALWAR,RAMGARH,bhajit
ALWAR,RAMGARH,chidawa
ALWAR,RAMGARH,desula
ALWAR,RAMGARH,dhanetagari
ALWAR,RAMGARH,douheli
ALWAR,RAMGARH,gundpur
ALWAR,RAMGARH,kankrali
ALWAR,RAMGARH,khedi
ALWAR,RAMGARH,khedli sayeed
ALWAR,RAMGARH,nougaon
ALWAR,RAMGARH,piprali
ALWAR,RAMGARH,ramgarh
ALWAR,RENI,behadkokla
ALWAR,RENI,kilpurkheda
ALWAR,THANAGAZI,aagar
ALWAR,THANAGAZI,bhangdoli
ALWAR,THANAGAZI,ghadi
ALWAR,THANAGAZI,hernair
ALWAR,THANAGAZI,kherkadikalan
ALWAR,THANAGAZI,narayanpur
ALWAR,THANAGAZI,nathusar
ALWAR,THANAGAZI,silibavdi
ALWAR,THANAGAZI,thanagaji
ALWAR,TIJARA,chuhadpur
ALWAR,TIJARA,gehankar
ALWAR,TIJARA,tapukeda
ALWAR,UMREN,beder
ALWAR,UMREN,bijwad
ALWAR,UMREN,berkhera
ALWAR,UMREN,bhandodi
ALWAR,UMREN,bhugour
ALWAR,UMREN,dader
ALWAR,UMREN,dhelawas
ALWAR,UMREN,dhakpuri
ALWAR,UMREN,diwakari
ALWAR,UMREN,haldina
ALWAR,UMREN,jamalpur
ALWAR,UMREN,kairwawal
ALWAR,UMREN,madhogarh
ALWAR,UMREN,mahuwakhurd
ALWAR,UMREN,mohabbatpur
ALWAR,UMREN,palkhedi
ALWAR,UMREN,persa ka bas
ALWAR,UMREN,punkher
ALWAR,UMREN,prathvipura
ALWAR,UMREN,salpur
ALWAR,UMREN,tuleda
BANSWARA,ANANDPURI,berjdiya
BANSWARA,ANANDPURI,chandervada
BANSWARA,ANANDPURI,maina padar
BANSWARA,ANANDPURI,pat navadhra
BANSWARA,BAGIDORA,dhaler
BANSWARA,BAGIDORA,gaminya hamira
BANSWARA,BAGIDORA,gangad talai
BANSWARA,BAGIDORA,handi
BANSWARA,BAGIDORA,jambudi
BANSWARA,BAGIDORA,jharwa kalan
BANSWARA,BAGIDORA,khodalim
BANSWARA,BAGIDORA,khunta galiya
BANSWARA,BAGIDORA,khunti narji
BANSWARA,BAGIDORA,lankai
BANSWARA,BAGIDORA,munna dungar
BANSWARA,BAGIDORA,moti timbi
BANSWARA,BAGIDORA,ram ka munna
BANSWARA,BAGIDORA,rohanvadi
BANSWARA,BAGIDORA,saliya
BANSWARA,BAGIDORA,sallopat
BANSWARA,BAGIDORA,sand nani
BANSWARA,BAGIDORA,shehergarh
BANSWARA,BAGIDORA,tandi nani
BANSWARA,GARHI,anjana
BANSWARA,GARHI,arthuna
BANSWARA,GARHI,bakthpura
BANSWARA,GARHI,biloda
BANSWARA,GARHI,garhi
BANSWARA,GARHI,itauva
BANSWARA,GARHI,jolana
BANSWARA,GARHI,jhadsa
BANSWARA,GARHI,malana
BANSWARA,GARHI,nahali
BANSWARA,GARHI,odvada
BANSWARA,GARHI,padedi
BANSWARA,GARHI,partapur
BANSWARA,GARHI,raiyana
BANSWARA,GARHI,saranpur
BANSWARA,GARHI,tamtiya rathod
BANSWARA,GARHI,timurva
BANSWARA,GHATOL,amarsingh ka gada
BANSWARA,GHATOL,badi padal
BANSWARA,GHATOL,badliya
BANSWARA,GHATOL,baman pada
BANSWARA,GHATOL,bassi ada
BANSWARA,GHATOL,bhoyer
BANSWARA,GHATOL,bhuvasa
BANSWARA,GHATOL,bichhiwada
BANSWARA,GHATOL,borda
BANSWARA,GHATOL,chanduji gada
BANSWARA,GHATOL,chiravala gadha
BANSWARA,GHATOL,chhoti padal
BANSWARA,GHATOL,delvada
BANSWARA,GHATOL,duduka
BANSWARA,GHATOL,ganoda
BANSWARA,GHATOL,mordi nichli
BANSWARA,GHATOL,motagaon
BANSWARA,GHATOL,mota tanda
BANSWARA,GHATOL,mungana
BANSWARA,KUSHALGARH,badi serva
BANSWARA,KUSHALGARH,bassi
BANSWARA,KUSHALGARH,bavliyapada
BANSWARA,KUSHALGARH,bijori badi
BANSWARA,KUSHALGARH,chokhvada
BANSWARA,KUSHALGARH,chhoti serva
BANSWARA,KUSHALGARH,kotda ranga
BANSWARA,KUSHALGARH,mahuda
BANSWARA,KUSHALGARH,mohakampura
BANSWARA,KUSHALGARH,patan
BANSWARA,KUSHALGARH,timeda bada
BANSWARA,SAJJANGARH,bildi
BANSWARA,SAJJANGARH,godavada narang
BANSWARA,SAJJANGARH,jiva khunta
BANSWARA,SAJJANGARH,kesarvadi
BANSWARA,SAJJANGARH,shakkervada
BARAN,ANTA,bamori kalan
BARAN,ANTA,bhatwara
BARAN,ANTA,bohath
BARAN,ANTA,hingonia
BARAN,ANTA,ishrpura
BARAN,ANTA,jalodatejaji
BARAN,ANTA,jarela
BARAN,ANTA,kishanpura
BARAN,ANTA,mahalpur
BARAN,ANTA,mahua
BARAN,ANTA,malbmori
BARAN,ANTA,mau
BARAN,ANTA,raithal
BARAN,ANTA,siswali
BARAN,ANTA,tisaya
BARAN,ANTA,udaipuria
BARAN,ATRU,atru
BARAN,ATRU,khedli ganj
BARAN,BARAN (FULL),baingna
BARAN,BARAN (FULL),khairali
BARAN,CHHABRA,bhulon
BARAN,CHHABRA,gugor
BARAN,CHHABRA,jaipala
BARAN,CHHABRA,mundala
BARAN,CHHABRA,mudkaya
BARAN,KISHANGANJ,brajnagar
BARAN,KISHANGANJ,ganeshpura
BARAN,SHAHBAD,pipalkheri
BARAN,SHAHBAD,sahabad
BARMER,BAYTOO,bandra
BARMER,BAYTOO,bhadkha
BARMER,BAYTOO,bhurtiya
BARMER,BAYTOO,chibi
BARMER,BAYTOO,chidiya
BARMER,BAYTOO,gida
BARMER,BAYTOO,heera ki dhani
BARMER,BAYTOO,jajwa
BARMER,BAYTOO,jakhda
BARMER,BAYTOO,kanod
BARMER,BAYTOO,kapurdi
BARMER,BAYTOO,kasumbala bhatiyan
BARMER,BAYTOO,kharapar
BARMER,BAYTOO,khokhsar
BARMER,BAYTOO,khokhsar paschim
BARMER,BAYTOO,kumpliya
BARMER,BAYTOO,lapundra
BARMER,BAYTOO,lunawada
BARMER,BAYTOO,pareu
BARMER,BAYTOO,rateu
BARMER,BAYTOO,sawau mulraj
BARMER,BAYTOO,santara
BARMER,BAYTOO,sawau padansingh
BARMER,BAYTOO,sahar
BARMER,BAYTOO,sohda
BARMER,BALOTRA,badnawa jageer
BARMER,BALOTRA,bagawas
BARMER,BALOTRA,balaujati
BARMER,BALOTRA,chilanadi
BARMER,BALOTRA,dhani sankhala
BARMER,BALOTRA,doli kalan
BARMER,BALOTRA,gangawas
BARMER,BALOTRA,gwalnada
BARMER,BALOTRA,jasol
BARMER,BALOTRA,kalewa
BARMER,BALOTRA,kalundi
BARMER,BALOTRA,kalyanpur
BARMER,BALOTRA,kankrla
BARMER,BALOTRA,khanoda
BARMER,BALOTRA,kudi
BARMER,BALOTRA,mandli
BARMER,BALOTRA,muli ki dhani
BARMER,BALOTRA,navatla
BARMER,BALOTRA,naboda bera
BARMER,BALOTRA,patodi
BARMER,BALOTRA,sanjiyali roopji rajaberi
BARMER,BALOTRA,sanjiyali padamsingh first
BARMER,BALOTRA,sambhara
BARMER,BALOTRA,sarwadi
BARMER,BALOTRA,simarkhiya
BARMER,BALOTRA,thob
BARMER,BALOTRA,thumbali
BARMER,BARMER,aakoda
BARMER,BARMER,aanti
BARMER,BARMER,babuguleriya
BARMER,BARMER,bachhdau
BARMER,BARMER,bhachbhar
BARMER,BARMER,bhinde ka par
BARMER,BARMER,booth jaitmal
BARMER,BARMER,buthiya
BARMER,BARMER,chadar madrup
BARMER,BARMER,chadi
BARMER,BARMER,derasar
BARMER,BARMER,dharasar
BARMER,BARMER,gagriya
BARMER,BARMER,gangala
BARMER,BARMER,gardiya
BARMER,BARMER,hathama
BARMER,BARMER,indrai
BARMER,BARMER,ishrol
BARMER,BARMER,jalipa
BARMER,BARMER,kantal ka par
BARMER,BARMER,khadeen
BARMER,BARMER,lilsar
BARMER,BARMER,padhi ka par
BARMER,BARMER,ramsar
BARMER,BARMER,ratasar
BARMER,BARMER,sanau
BARMER,BARMER,setrau
BARMER,BARMER,sinhani
BARMER,BARMER,taratara
BARMER,BARMER,taratara math
BARMER,CHOHTAN,arti
BARMER,CHOHTAN,bakhasar
BARMER,CHOHTAN,babrwala
BARMER,CHOHTAN,bawari kala
BARMER,CHOHTAN,bhalgaon
BARMER,CHOHTAN,bhanwar
BARMER,CHOHTAN,bhanwariya
BARMER,CHOHTAN,bisasar
BARMER,CHOHTAN,burhan ka tala
BARMER,CHOHTAN,buthrathodan
BARMER,CHOHTAN,chichadasar
BARMER,CHOHTAN,dhanau
BARMER,CHOHTAN,harpaliya
BARMER,CHOHTAN,hathla
BARMER,CHOHTAN,itada
BARMER,CHOHTAN,janpaliya
BARMER,CHOHTAN,jhadpa
BARMER,CHOHTAN,navatla bakhasar
BARMER,CHOHTAN,rabsar
BARMER,CHOHTAN,sanwai
BARMER,CHOHTAN,sarla
BARMER,CHOHTAN,sarupe ka tala
BARMER,CHOHTAN,sewada
BARMER,CHOHTAN,shriramwala
BARMER,CHOHTAN,talsar
BARMER,CHOHTAN,tarla
BARMER,DHORIMANNA,alapura
BARMER,DHORIMANNA,bamdala
BARMER,DHORIMANNA,bamnor
BARMER,DHORIMANNA,banta
BARMER,DHORIMANNA,barasan
BARMER,DHORIMANNA,berigaon
BARMER,DHORIMANNA,bhankharpura
BARMER,DHORIMANNA,bhenada
BARMER,DHORIMANNA,bherudi
BARMER,DHORIMANNA,bhuniya
BARMER,DHORIMANNA,gandhvkala
BARMER,DHORIMANNA,gangasra
BARMER,DHORIMANNA,goda
BARMER,DHORIMANNA,gudamalani
BARMER,DHORIMANNA,kartiya
BARMER,DHORIMANNA,kekad
BARMER,DHORIMANNA,kitnoriya
BARMER,DHORIMANNA,lunwajageer
BARMER,DHORIMANNA,mangele ki beri
BARMER,DHORIMANNA,mokhav khurd
BARMER,DHORIMANNA,nagar
BARMER,DHORIMANNA,navatala rathodan
BARMER,DHORIMANNA,nehro ki nadi
BARMER,DHORIMANNA,piprali
BARMER,DHORIMANNA,ratanpura
BARMER,DHORIMANNA,shobhala dsarshan
BARMER,DHORIMANNA,sidhaswa harniyan
BARMER,DHORIMANNA,sonadi
BARMER,SHEO,aasadi
BARMER,SHEO,beejawal
BARMER,SHEO,beesukala
BARMER,SHEO,chetrodi
BARMER,SHEO,gadraroad
BARMER,SHEO,girab
BARMER,SHEO,harsani
BARMER,SHEO,jaisindhar gaon
BARMER,SHEO,jaisindhar station
BARMER,SHEO,jhankali
BARMER,SHEO,jhapli kala
BARMER,SHEO,khabdala
BARMER,SHEO,khalife ki bavdi
BARMER,SHEO,khaniyani
BARMER,SHEO,kharchi
BARMER,SHEO,ranasar
BARMER,SHEO,redana
BARMER,SHEO,rohini
BARMER,SHEO,sahadad ka par
BARMER,SHEO,shiv
BARMER,SHEO,tamlor
BARMER,SHEO,tanumanji
BARMER,SHEO,undu
BARMER,SINDHARI,aadel
BARMER,SINDHARI,adsindhari
BARMER,SINDHARI,adarsh chawa
BARMER,SINDHARI,bandh
BARMER,SINDHARI,beriwala tala
BARMER,SINDHARI,bodva
BARMER,SINDHARI,chhotu
BARMER,SINDHARI,chawa
BARMER,SINDHARI,dholanada
BARMER,SINDHARI,goliya jaitmal
BARMER,SINDHARI,hodu
BARMER,SINDHARI,kadanadi
BARMER,SINDHARI,kagau
BARMER,SINDHARI,koshlu
BARMER,SINDHARI,khudala
BARMER,SINDHARI,khudasa
BARMER,SINDHARI,kundla
BARMER,SINDHARI,lolawa
BARMER,SINDHARI,malpura
BARMER,SINDHARI,mehlu
BARMER,SINDHARI,nimbalkot
BARMER,SINDHARI,nokhda
BARMER,SINDHARI,nosar
BARMER,SINDHARI,payala kala
BARMER,SINDHARI,payala khurd
BARMER,SINDHARI,ranasar khrud
BARMER,SINDHARI,rawatsar
BARMER,SINDHARI,sada
BARMER,SINDHARI,sanjta
BARMER,SINDHARI,sarli
BARMER,SINDHARI,sarnu
BARMER,SINDHARI,sevniyala
BARMER,SINDHARI,shivkar
BARMER,SINDHARI,shobhala jaitmal
BARMER,SIWANA,ajeet
BARMER,SIWANA,dhindas
BARMER,SIWANA,jethantari
BARMER,SIWANA,karmawas
BARMER,SIWANA,khandap
BARMER,SIWANA,lalana
BARMER,SIWANA,majal
BARMER,SIWANA,mavdi
BARMER,SIWANA,padhru
BARMER,SIWANA,rakhi
BARMER,SIWANA,rampura
BARMER,SIWANA,rani deshipura
BARMER,SIWANA,samdari
BARMER,SIWANA,sarwadi
BARMER,SIWANA,saila
BARMER,SIWANA,silor
BARMER,SIWANA,siwana
BHARATPUR,BAYANA,bhramwad
BHARATPUR,BAYANA,navli
BHARATPUR,DEEG,aau
BHARATPUR,DEEG,sanwai
BHARATPUR,DEEG,sheeswada
BHARATPUR,KAMAN,bamanwadi
BHARATPUR,KAMAN,bhaisnda
BHARATPUR,KAMAN,bhori
BHARATPUR,KAMAN,dholet
BHARATPUR,KAMAN,ganvandi
BHARATPUR,KAMAN,ghatmeeka
BHARATPUR,KAMAN,ghosinga
BHARATPUR,KAMAN,jheelpatti
BHARATPUR,KAMAN,jotripipal
BHARATPUR,KAMAN,ladlaka
BHARATPUR,KAMAN,levda
BHARATPUR,KAMAN,nogava
BHARATPUR,KAMAN,papda
BHARATPUR,KAMAN,savanler
BHARATPUR,KAMAN,satwadi
BHARATPUR,KAMAN,sahsan
BHARATPUR,KAMAN,somka
BHARATPUR,KAMAN,ucheda
BHARATPUR,KUMHER,abhora
BHARATPUR,KUMHER,baven
BHARATPUR,KUMHER,dadu
BHARATPUR,KUMHER,mehrawar
BHARATPUR,KUMHER,sent
BHARATPUR,KUMHER,uwar
BHARATPUR,NADBAI,aichera
BHARATPUR,NADBAI,behramda
BHARATPUR,NADBAI,baroliran
BHARATPUR,NADBAI,kirili
BHARATPUR,NADBAI,peharsar
BHARATPUR,NADBAI,pigora
BHARATPUR,NAGAR PAHARI,bodoli
BHARATPUR,NAGAR PAHARI,gangora
BHARATPUR,NAGAR PAHARI,gopalgarh
BHARATPUR,NAGAR PAHARI,kaithawada
BHARATPUR,NAGAR PAHARI,khandewala
BHARATPUR,NAGAR PAHARI,khohri
BHARATPUR,NAGAR PAHARI,ladmka
BHARATPUR,NAGAR PAHARI,maliki
BHARATPUR,NAGAR PAHARI,matuki
BHARATPUR,NAGAR PAHARI,padlwas
BHARATPUR,NAGAR PAHARI,pahadi
BHARATPUR,NAGAR PAHARI,pipalkheda
BHARATPUR,NAGAR PAHARI,rauf
BHARATPUR,NAGAR PAHARI,saimlakala
BHARATPUR,NAGAR PAHARI,sikiri
BHARATPUR,RUPBAS,andhiyari
BHARATPUR,RUPBAS,barhmafi
BHARATPUR,RUPBAS,barigha
BHARATPUR,RUPBAS,bahra rekhpura
BHARATPUR,RUPBAS,bhainsa
BHARATPUR,RUPBAS,fatehpur
BHARATPUR,RUPBAS,gahlau
BHARATPUR,RUPBAS,kharera
BHARATPUR,RUPBAS,khudasa
BHARATPUR,RUPBAS,kurka
BHARATPUR,RUPBAS,mudera
BHARATPUR,RUPBAS,nagala terhiya
BHARATPUR,RUPBAS,nagla beeja
BHARATPUR,RUPBAS,pichuna
BHARATPUR,RUPBAS,sahna
BHARATPUR,RUPBAS,ucchain
BHARATPUR,SEWAR,aghapur
BHARATPUR,SEWAR,bachhmdi
BHARATPUR,SEWAR,chichana
BHARATPUR,SEWAR,ekta
BHARATPUR,SEWAR,khandera
BHARATPUR,SEWAR,madarpur
BHARATPUR,SEWAR,murwara
BHARATPUR,SEWAR,pipala
BHARATPUR,SEWAR,tuhiya
BHARATPUR,WEIR,bachren
BHARATPUR,WEIR,baroli
BHARATPUR,WEIR,bhaisna
BHARATPUR,WEIR,bhutoli
BHARATPUR,WEIR,chaintoli
BHARATPUR,WEIR,chokarwada kala
BHARATPUR,WEIR,deewali
BHARATPUR,WEIR,gongera
BHARATPUR,WEIR,hathodi
BHARATPUR,WEIR,itamada
BHARATPUR,WEIR,jharoti
BHARATPUR,WEIR,mainapura
BHARATPUR,WEIR,mudiyalalita
BHARATPUR,WEIR,naiwada
BHARATPUR,WEIR,nithar
BHARATPUR,WEIR,paithena
BHARATPUR,WEIR,salempur kalan
BHARATPUR,WEIR,salempur khurd
BHARATPUR,WEIR,sendhali
BHARATPUR,WEIR,suhari
BHILWARA,ASIND,aakarsada
BHILWARA,ASIND,antali
BHILWARA,ASIND,badnor
BHILWARA,ASIND,bajunda
BHILWARA,ASIND,bhadasi
BHILWARA,ASIND,bhojpura
BHILWARA,ASIND,chatarpura
BHILWARA,ASIND,dolatgarh
BHILWARA,ASIND,jagpura
BHILWARA,ASIND,mogar
BHILWARA,ASIND,motras
BHILWARA,ASIND,ojhidiyana
BHILWARA,ASIND,para
BHILWARA,ASIND,patan
BHILWARA,ASIND,rampura
BHILWARA,ASIND,ratanpur bha
BHILWARA,ASIND,sangram garh
BHILWARA,BANERA,baneda
BHILWARA,JAHAZPUR,bai
BHILWARA,JAHAZPUR,bavdi
BHILWARA,JAHAZPUR,phlasiya
BHILWARA,MANDAL,aalmas
BHILWARA,MANDAL,aamdkala
BHILWARA,MANDAL,bemali
BHILWARA,MANDAL,bhbhana
BHILWARA,MANDAL,chandras
BHILWARA,MANDAL,chawandiya
BHILWARA,MANDAL,chileswar
BHILWARA,MANDAL,chitamba
BHILWARA,MANDAL,dahimatha
BHILWARA,MANDAL,dhuwala kareda
BHILWARA,MANDAL,gorkhiya
BHILWARA,MANDAL,gordhanpura
BHILWARA,MANDAL,gangarh
BHILWARA,MANDAL,kabradiya
BHILWARA,MANDAL,kareda
BHILWARA,MANDAL,keedimal
BHILWARA,MANDAL,laduwas
BHILWARA,MANDAL,mota ka kheda
BHILWARA,MANDAL,nareli
BHILWARA,MANDAL,nimbahera jatan
BHILWARA,MANDAL,sehunda
BHILWARA,MANDAL,shivpura
BHILWARA,MANDAL,seediyas
BHILWARA,MANDAL,thana
BHILWARA,MANDALGARH,aaroli
BHILWARA,MANDALGARH,bhopatpura
BHILWARA,MANDALGARH,baigod
BHILWARA,MANDALGARH,bijolia kalan
BHILWARA,MANDALGARH,bijoliya khurd
BHILWARA,MANDALGARH,bikaran
BHILWARA,MANDALGARH,chand ji ke khedi
BHILWARA,MANDALGARH,gopalpura
BHILWARA,MANDALGARH,gudha rana ji ka
BHILWARA,MANDALGARH,jalidri
BHILWARA,MANDALGARH,kansya
BHILWARA,MANDALGARH,makredi
BHILWARA,MANDALGARH,malka kheda
BHILWARA,MANDALGARH,mangtala
BHILWARA,MANDALGARH,naya nagar
BHILWARA,MANDALGARH,sardarm ji ka kheda
BHILWARA,MANDALGARH,salavtiya
BHILWARA,MANDALGARH,shyampura
BHILWARA,MANDALGARH,sukhpura
BHILWARA,MANDALGARH,tharoda
BHILWARA,MANDALGARH,tilsawa
BHILWARA,MANDALGARH,umaji ka kheda
BHILWARA,MANDALGARH,vikrampura
BHILWARA,RAIPUR,khaimana
BHILWARA,RAIPUR,peethakheda
BHILWARA,SUWANA,hameergarh
BHILWARA,SUWANA,khairabad
BHILWARA,SUWANA,saithuriya
BIKANER,BIKANER,lalmdesar magra
BIKANER,BIKANER,naalbari
BIKANER,BIKANER,napasar
BIKANER,BIKANER,ridmalsar
BIKANER,SRI DUNGARGARH,berjangsar
BIKANER,SRI DUNGARGARH,punrasar
BIKANER,KOLAYAT,bajju
BIKANER,KOLAYAT,barsalpur
BIKANER,KOLAYAT,bhelu
BIKANER,KOLAYAT,bikampur
BIKANER,KOLAYAT,charanwala
BIKANER,KOLAYAT,dasori
BIKANER,KOLAYAT,godu
BIKANER,KOLAYAT,gogdiya vala
BIKANER,KOLAYAT,gokul
BIKANER,KOLAYAT,heda
BIKANER,KOLAYAT,khindasar
BIKANER,KOLAYAT,manakasar
BIKANER,KOLAYAT,mithdiya
BIKANER,KOLAYAT,ranjitpura
BIKANER,LUNKARANSAR,kalu
BIKANER,LUNKARANSAR,kharbara
BIKANER,LUNKARANSAR,lunkaransar
BIKANER,LUNKARANSAR,mahadewali
BIKANER,LUNKARANSAR,piperan
BIKANER,LUNKARANSAR,rajasar bhatiyan
BIKANER,LUNKARANSAR,ranar mai dalolai
BIKANER,LUNKARANSAR,sansardesar
BIKANER,LUNKARANSAR,takhtpura
BIKANER,NOKHA,badnu
BIKANER,NOKHA,bandhda
BIKANER,NOKHA,bhadla
BIKANER,NOKHA,dava
BIKANER,NOKHA,desalsar
BIKANER,NOKHA,dharnok
BIKANER,NOKHA,dhingsari
BIKANER,NOKHA,hansasar
BIKANER,NOKHA,jaisinghdesarmagra
BIKANER,NOKHA,kahira
BIKANER,NOKHA,kakku
BIKANER,NOKHA,kisnasar
BIKANER,NOKHA,kudasu
BIKANER,NOKHA,mansuri
BIKANER,NOKHA,nathusar
BIKANER,NOKHA,panchu
BIKANER,NOKHA,rasisar
BIKANER,NOKHA,sadhuna
BIKANER,NOKHA,sarunda
BIKANER,NOKHA,swarupsar
BUNDI,HINDOLI,dhabayon ka nayagaon
BUNDI,KESHORAIPATAN,bhiyan
BUNDI,KESHORAIPATAN,maija
BUNDI,KESHORAIPATAN,sungar
BUNDI,NAINWA,dei
BUNDI,NAINWA,gudha sadavrtiya
BUNDI,NAINWA,kaithuda
BUNDI,TALERA,barudhan
BUNDI,TALERA,kaithunda
CHITTAURGARH,BARI SADRI,badval
CHITTAURGARH,BARI SADRI,khermaliya
CHITTAURGARH,BEGUN,dolatpura
CHITTAURGARH,BHADESAR,aasavara
CHITTAURGARH,BHADESAR,piplwas
CHITTAURGARH,BHAINSRORGARH,badoliya
CHITTAURGARH,BHAINSRORGARH,dhavdkalan
CHITTAURGARH,BHAINSRORGARH,kuakheda jawahar nagar
CHITTAURGARH,CHITTORGARH,ochdi
CHITTAURGARH,DUNGLA,bhatoli gujaran
CHITTAURGARH,DUNGLA,dungala
CHITTAURGARH,DUNGLA,semliya
CHITTAURGARH,GANGRAR,budh
CHITTAURGARH,GANGRAR,putholi
CHITTAURGARH,KAPASAN,bamniya
CHITTAURGARH,KAPASAN,karukanda
CHITTAURGARH,KAPASAN,rupakhedi
CHITTAURGARH,NIMBAHERA,bhavliya
CHITTAURGARH,NIMBAHERA,fachar ahiran
CHITTAURGARH,NIMBAHERA,falva
CHITTAURGARH,NIMBAHERA,melana
CHITTAURGARH,RASHMI,baru
CHITTAURGARH,RASHMI,bavalas
CHITTAURGARH,RASHMI,nevriya
CHITTAURGARH,RASHMI,revada
CHITTAURGARH,RASHMI,rund
CHURU,CHURU,jodi patta satyu
CHURU,CHURU,kedvasar
CHURU,CHURU,khinvsar
CHURU,CHURU,pithisar
CHURU,CHURU,thailasar
CHURU,RAJGARH,binjhwas
CHURU,RAJGARH,dogawa
CHURU,RAJGARH,khenru badi
CHURU,SARDARSHAHAR,ajitsar
CHURU,SARDARSHAHAR,baijasar
CHURU,SARDARSHAHAR,hariyasar ghdsotan
CHURU,SARDARSHAHAR,jivandesar
CHURU,SARDARSHAHAR,khivansar
CHURU,SUJANGARH,badhsar
CHURU,SUJANGARH,balera
CHURU,SUJANGARH,bambu
CHURU,SUJANGARH,chadwas
CHURU,SUJANGARH,dhandheru bhamuwan
CHURU,SUJANGARH,dhani kalera
CHURU,SUJANGARH,dhunkar
CHURU,SUJANGARH,geversar
CHURU,SUJANGARH,ghantiyalabadi
CHURU,SUJANGARH,jili
CHURU,SUJANGARH,herasar
CHURU,SUJANGARH,iyara
CHURU,SUJANGARH,kalyansar
CHURU,SUJANGARH,kater chhoti
CHURU,SUJANGARH,lalgarh
CHURU,SUJANGARH,luhara
CHURU,SUJANGARH,parevada
CHURU,SUJANGARH,sandawa
CHURU,SUJANGARH,saduchhoti
CHURU,SUJANGARH,tehandesar
CHURU,SUJANGARH,udawala
CHURU,SUJANGARH,untalad
CHURU,TARANAGAR,dhirwas
CHURU,TARANAGAR,riyatunda
CHURU,TARANAGAR,sahawa
CHURU,TARANAGAR,santyu
DAUSA,BANDIKUI,badliya kalan
DAUSA,BANDIKUI,badiyal khurd
DAUSA,BANDIKUI,baijupada
DAUSA,BANDIKUI,balaheda
DAUSA,BANDIKUI,baswa
DAUSA,BANDIKUI,bhanvata bhanvti
DAUSA,BANDIKUI,biwai
DAUSA,BANDIKUI,chandera
DAUSA,BANDIKUI,dhigariya bheem
DAUSA,BANDIKUI,gadarvada gujaran
DAUSA,BANDIKUI,gullana
DAUSA,BANDIKUI,gudha ashikpura
DAUSA,BANDIKUI,gudha katla
DAUSA,BANDIKUI,gudliya
DAUSA,BANDIKUI,hingota
DAUSA,BANDIKUI,jhanjhirampura
DAUSA,BANDIKUI,karnavar
DAUSA,BANDIKUI,lotwada
DAUSA,BANDIKUI,mahukhurd
DAUSA,BANDIKUI,muhi
DAUSA,BANDIKUI,nangal jhamarwada
DAUSA,BANDIKUI,nihalpura
DAUSA,BANDIKUI,panditpura
DAUSA,BANDIKUI,poondarpada
DAUSA,DAUSA,alooda
DAUSA,DAUSA,baniyana
DAUSA,DAUSA,badagaon
DAUSA,DAUSA,bhandarej
DAUSA,DAUSA,chhareda
DAUSA,DAUSA,chudiya was
DAUSA,DAUSA,dharnwas
DAUSA,DAUSA,dungarawata
DAUSA,DAUSA,hapawas
DAUSA,DAUSA,hingotiya
DAUSA,DAUSA,jeerotakhurd
DAUSA,DAUSA,kherwal
DAUSA,DAUSA,khanpura
DAUSA,DAUSA,khanwas
DAUSA,DAUSA,khawaraoji
DAUSA,DAUSA,lahdi ka bas
DAUSA,DAUSA,lawan
DAUSA,DAUSA,maheshwar khurd
DAUSA,DAUSA,malwas
DAUSA,DAUSA,nagal rajawatan
DAUSA,DAUSA,paparda
DAUSA,DAUSA,piyariwas
DAUSA,DAUSA,rajwas
DAUSA,DAUSA,singwada
DAUSA,DAUSA,thumdi
DAUSA,LALSOT,amrabad
DAUSA,LALSOT,beecha
DAUSA,LALSOT,bidrkha
DAUSA,LALSOT,dob
DAUSA,LALSOT,dungarpur
DAUSA,LALSOT,gangliyawas
DAUSA,LALSOT,hemliyawala
DAUSA,LALSOT,mandawari
DAUSA,LALSOT,nayabas
DAUSA,LALSOT,nijampura
DAUSA,LALSOT,palunda
DAUSA,LALSOT,rahuwas
DAUSA,LALSOT,ramgarh pachwara
DAUSA,LALSOT,salempura
DAUSA,LALSOT,sonad
DAUSA,MAHWA,banawad
DAUSA,MAHWA,dholakheda
DAUSA,MAHWA,haldena
DAUSA,MAHWA,kesra
DAUSA,MAHWA,kot
DAUSA,MAHWA,mahawa
DAUSA,MAHWA,mandawar
DAUSA,MAHWA,norangwada
DAUSA,MAHWA,pakhar
DAUSA,MAHWA,raipur
DAUSA,MAHWA,ramgarh
DAUSA,MAHWA,reendli
DAUSA,MAHWA,ukrund
DAUSA,SIKRAI,achalpura
DAUSA,SIKRAI,baharavanda
DAUSA,SIKRAI,bavanpada
DAUSA,SIKRAI,chokarwada
DAUSA,SIKRAI,dolika
DAUSA,SIKRAI,dubbi
DAUSA,SIKRAI,gandrawa
DAUSA,SIKRAI,gangadwadi
DAUSA,SIKRAI,ghumna
DAUSA,SIKRAI,kailai
DAUSA,SIKRAI,kirodi
DAUSA,SIKRAI,kundera dungar
DAUSA,SIKRAI,lanka
DAUSA,SIKRAI,mariyada
DAUSA,SIKRAI,mohachingpura
DAUSA,SIKRAI,nihalpura
DAUSA,SIKRAI,pilodi
DAUSA,SIKRAI,ranoli
DAUSA,SIKRAI,shekhpura
DAUSA,SIKRAI,sikandara
DAUSA,SIKRAI,sikrai
DAUSA,SIKRAI,torda
DHAULPUR,BARI,dhimri
DHAULPUR,BARI,ibrahimpur
DHAULPUR,BARI,jepavali
DHAULPUR,BARI,lekhepura
DHAULPUR,BARI,nimkheda
DHAULPUR,BARI,nidhara
DHAULPUR,BARI,rupaspur
DHAULPUR,BARI,sehedi
DHAULPUR,BARI,sohan
DHAULPUR,BARI,severpali
DHAULPUR,BASERI,angai
DHAULPUR,BASERI,bijholi
DHAULPUR,BASERI,chandravali
DHAULPUR,BASERI,domai
DHAULPUR,BASERI,dhorr
DHAULPUR,BASERI,dopura
DHAULPUR,BASERI,golari
DHAULPUR,BASERI,herjupura
DHAULPUR,BASERI,jhiri
DHAULPUR,BASERI,khroli
DHAULPUR,BASERI,lilodhi
DHAULPUR,BASERI,madanpur
DHAULPUR,BASERI,medhasil
DHAULPUR,BASERI,mudik
DHAULPUR,BASERI,nadanpur
DHAULPUR,BASERI,reherai
DHAULPUR,BASERI,sermathura
DHAULPUR,BASERI,timasiya
DHAULPUR,DHAULPUR,basainawab
DHAULPUR,DHAULPUR,bhadiyana
DHAULPUR,DHAULPUR,choki hinota
DHAULPUR,DHAULPUR,chitora
DHAULPUR,DHAULPUR,donari
DHAULPUR,DHAULPUR,dubra
DHAULPUR,DHAULPUR,ghadichtola
DHAULPUR,DHAULPUR,kantheri
DHAULPUR,DHAULPUR,kanasil
DHAULPUR,DHAULPUR,kolari
DHAULPUR,DHAULPUR,kolwa
DHAULPUR,DHAULPUR,kukramankera
DHAULPUR,DHAULPUR,kurandia
DHAULPUR,DHAULPUR,mandhakakoli
DHAULPUR,DHAULPUR,malonikhurd
DHAULPUR,DHAULPUR,malonipanwar
DHAULPUR,DHAULPUR,maniyan
DHAULPUR,DHAULPUR,manpur
DHAULPUR,DHAULPUR,musalpur
DHAULPUR,DHAULPUR,naglakhergpur
DHAULPUR,DHAULPUR,nidhrakalan
DHAULPUR,DHAULPUR,piphera
DHAULPUR,DHAULPUR,piproa
DHAULPUR,DHAULPUR,purani
DHAULPUR,DHAULPUR,rajorakhurd
DHAULPUR,DHAULPUR,rajorakalan
DHAULPUR,DHAULPUR,sehroli
DHAULPUR,DHAULPUR,sepau
DHAULPUR,DHAULPUR,sakhwara
DHAULPUR,DHAULPUR,seranikheda
DHAULPUR,DHAULPUR,tasima
DHAULPUR,DHAULPUR,tehri
DHAULPUR,RAJAKHERA,bhasena
DHAULPUR,RAJAKHERA,dulhra
DHAULPUR,RAJAKHERA,jatoli
DHAULPUR,RAJAKHERA,kasimpur
DHAULPUR,RAJAKHERA,luhari
DHAULPUR,RAJAKHERA,medhabhau
DHAULPUR,RAJAKHERA,mangrol
DHAULPUR,RAJAKHERA,sadikpur
DHAULPUR,RAJAKHERA,samona
DHAULPUR,RAJAKHERA,singhvaliberah
DHAULPUR,RAJAKHERA,tegawali
DUNGARPUR,ASPUR,bhekhred
DUNGARPUR,ASPUR,bodigama bada
DUNGARPUR,ASPUR,bodigama chhota
DUNGARPUR,ASPUR,dolpura
DUNGARPUR,ASPUR,gamdi
DUNGARPUR,ASPUR,kabja
DUNGARPUR,ASPUR,khanan
DUNGARPUR,ASPUR,limbata
DUNGARPUR,ASPUR,lodawal
DUNGARPUR,ASPUR,mal
DUNGARPUR,ASPUR,munger
DUNGARPUR,ASPUR,miyali
DUNGARPUR,ASPUR,nandli ahada
DUNGARPUR,ASPUR,nithauawa
DUNGARPUR,ASPUR,pal nithauawa
DUNGARPUR,ASPUR,pachlasa bada
DUNGARPUR,ASPUR,pachlasa chhota
DUNGARPUR,ASPUR,pindawal
DUNGARPUR,ASPUR,reecha
DUNGARPUR,ASPUR,sabla
DUNGARPUR,ASPUR,sangotha
DUNGARPUR,ASPUR,solaj
DUNGARPUR,ASPUR,talora
DUNGARPUR,ASPUR,valai
DUNGARPUR,BICHIWARA,balwada
DUNGARPUR,BICHIWARA,bhehana
DUNGARPUR,BICHIWARA,bokhala
DUNGARPUR,BICHIWARA,charwada
DUNGARPUR,BICHIWARA,devalkhas
DUNGARPUR,BICHIWARA,gainji
DUNGARPUR,BICHIWARA,galander
DUNGARPUR,BICHIWARA,gamdi aahada
DUNGARPUR,BICHIWARA,gamdidewal
DUNGARPUR,BICHIWARA,gandhava
DUNGARPUR,BICHIWARA,ghughara
DUNGARPUR,BICHIWARA,gumanpura
DUNGARPUR,BICHIWARA,jalukua
DUNGARPUR,BICHIWARA,kankradra
DUNGARPUR,BICHIWARA,karawada
DUNGARPUR,BICHIWARA,mada
DUNGARPUR,BICHIWARA,mahudi
DUNGARPUR,BICHIWARA,mewada
DUNGARPUR,BICHIWARA,paldewal
DUNGARPUR,BICHIWARA,palvda
DUNGARPUR,BICHIWARA,rampur mewada
DUNGARPUR,BICHIWARA,renta
DUNGARPUR,BICHIWARA,shishod
DUNGARPUR,BICHIWARA,sundarpur
DUNGARPUR,BICHIWARA,surpur
DUNGARPUR,BICHIWARA,thana
DUNGARPUR,BICHIWARA,vainja
DUNGARPUR,BICHIWARA,vikas nagar
DUNGARPUR,DUNGARPUR,antri
DUNGARPUR,DUNGARPUR,aasela
DUNGARPUR,DUNGARPUR,beda
DUNGARPUR,DUNGARPUR,bhinda
DUNGARPUR,DUNGARPUR,bjojato ka aoda
DUNGARPUR,DUNGARPUR,damdi
DUNGARPUR,DUNGARPUR,doja
DUNGARPUR,DUNGARPUR,faloj
DUNGARPUR,DUNGARPUR,gadamorya
DUNGARPUR,DUNGARPUR,hathai
DUNGARPUR,DUNGARPUR,hirata
DUNGARPUR,DUNGARPUR,jhothari
DUNGARPUR,DUNGARPUR,kanhari
DUNGARPUR,DUNGARPUR,khempur
DUNGARPUR,DUNGARPUR,kolkhanda
DUNGARPUR,DUNGARPUR,lolakpur
DUNGARPUR,DUNGARPUR,mall
DUNGARPUR,DUNGARPUR,mandawa
DUNGARPUR,DUNGARPUR,metali
DUNGARPUR,DUNGARPUR,padli gujreshwer
DUNGARPUR,DUNGARPUR,palmandav
DUNGARPUR,DUNGARPUR,pohri khaturat
DUNGARPUR,DUNGARPUR,punali
DUNGARPUR,DUNGARPUR,ragela
DUNGARPUR,DUNGARPUR,raghunathpura
DUNGARPUR,DUNGARPUR,surata
DUNGARPUR,DUNGARPUR,valota
DUNGARPUR,SAGWARA,ambada
DUNGARPUR,SAGWARA,daiyana
DUNGARPUR,SAGWARA,divda bada
DUNGARPUR,SAGWARA,divda chhota
DUNGARPUR,SAGWARA,ghata ka gaon
DUNGARPUR,SAGWARA,jogpur
DUNGARPUR,SAGWARA,mandawa
DUNGARPUR,SAGWARA,ood
DUNGARPUR,SAGWARA,parda mehta
DUNGARPUR,SAGWARA,semliya
DUNGARPUR,SIMALWARA,ambada
DUNGARPUR,SIMALWARA,baba ki bar
DUNGARPUR,SIMALWARA,badgama
DUNGARPUR,SIMALWARA,bavdi
DUNGARPUR,SIMALWARA,bedsa
DUNGARPUR,SIMALWARA,bhaimai
DUNGARPUR,SIMALWARA,bhaisara chhota
DUNGARPUR,SIMALWARA,bodamli
DUNGARPUR,SIMALWARA,chinkhali
DUNGARPUR,SIMALWARA,chitari
DUNGARPUR,SIMALWARA,dariyati
DUNGARPUR,SIMALWARA,dhangaon
DUNGARPUR,SIMALWARA,dungar
DUNGARPUR,SIMALWARA,dungarsaran
DUNGARPUR,SIMALWARA,gadamertiya
DUNGARPUR,SIMALWARA,gadajasrajpur
DUNGARPUR,SIMALWARA,galiyakot
DUNGARPUR,SIMALWARA,garitiya
DUNGARPUR,SIMALWARA,gundlara
DUNGARPUR,SIMALWARA,jaisala
DUNGARPUR,SIMALWARA,jhosava
DUNGARPUR,SIMALWARA,jorawarpura
DUNGARPUR,SIMALWARA,kasariya
DUNGARPUR,SIMALWARA,kochari
DUNGARPUR,SIMALWARA,kaun
DUNGARPUR,SIMALWARA,malakholda
DUNGARPUR,SIMALWARA,mevada
DUNGARPUR,SIMALWARA,nagariya panchela
DUNGARPUR,SIMALWARA,naibasti badgama
DUNGARPUR,SIMALWARA,nadiya
DUNGARPUR,SIMALWARA,punawada
DUNGARPUR,SIMALWARA,ratadiya
DUNGARPUR,SIMALWARA,sakodra
DUNGARPUR,SIMALWARA,sendola
DUNGARPUR,SIMALWARA,silohi
GANGANAGAR,ANUPGARH,1 lsmbanda coloney
GANGANAGAR,ANUPGARH,10 as
GANGANAGAR,ANUPGARH,10 sarkari
GANGANAGAR,ANUPGARH,12 gb
GANGANAGAR,ANUPGARH,14 apdkamraniya
GANGANAGAR,ANUPGARH,15 bld
GANGANAGAR,ANUPGARH,16 as kupli
GANGANAGAR,ANUPGARH,17 gb
GANGANAGAR,ANUPGARH,2 gb a
GANGANAGAR,ANUPGARH,24 gb
GANGANAGAR,ANUPGARH,28 gb
GANGANAGAR,ANUPGARH,3 ksd
GANGANAGAR,ANUPGARH,4 bld
GANGANAGAR,ANUPGARH,41 gb
GANGANAGAR,ANUPGARH,42 gb
GANGANAGAR,ANUPGARH,50 gb
GANGANAGAR,ANUPGARH,59 gb ramsinghpur
GANGANAGAR,ANUPGARH,7 gb
GANGANAGAR,ANUPGARH,8 stb
GANGANAGAR,ANUPGARH,gomawali
GANGANAGAR,GANGANAGAR,2 ml
GANGANAGAR,GANGANAGAR,4 ml
GANGANAGAR,GANGANAGAR,bakhtana 11 q
GANGANAGAR,GANGANAGAR,govindpura 18 gg
GANGANAGAR,GANGANAGAR,odoki
GANGANAGAR,PADAMPUR,46 rb rajpura
GANGANAGAR,RAISINGHNAGAR,4 sad malsar
GANGANAGAR,SADULSHAHAR,8 hh
GANGANAGAR,SADULSHAHAR,ganeshgarh
GANGANAGAR,SURATGARH,25 fdm sadekiwala
HANUMANGARH,BHADRA,bharwana
HANUMANGARH,BHADRA,khachwana
HANUMANGARH,BHADRA,mehrana
HANUMANGARH,BHADRA,munsari
HANUMANGARH,BHADRA,nethrana
HANUMANGARH,NOHAR,barwali
HANUMANGARH,NOHAR,dhilki jatan
HANUMANGARH,NOHAR,malwani
JAIPUR,AMBER,anoppura
JAIPUR,AMBER,barna
JAIPUR,AMBER,bichpadi
JAIPUR,AMBER,chatarpura
JAIPUR,AMBER,jairampura
JAIPUR,AMBER,jalsu
JAIPUR,AMBER,khannipura
JAIPUR,AMBER,khoria beesal
JAIPUR,AMBER,khora shyamdas
JAIPUR,AMBER,maheshwas kala
JAIPUR,AMBER,mundota
JAIPUR,AMBER,nangal purohitan
JAIPUR,AMBER,nangal siras
JAIPUR,AMBER,punana
JAIPUR,AMBER,radha kishanpura
JAIPUR,AMBER,raithal
JAIPUR,AMBER,rampura dabli
JAIPUR,AMBER,rojada
JAIPUR,AMBER,sewapura
JAIPUR,AMBER,sirsali
JAIPUR,BASSI,anantpura
JAIPUR,BASSI,bhatneri
JAIPUR,BASSI,bhudla
JAIPUR,BASSI,devgaon
JAIPUR,BASSI,garh
JAIPUR,BASSI,kanota
JAIPUR,BASSI,karangarh
JAIPUR,BASSI,kashipura
JAIPUR,BASSI,madhogarh
JAIPUR,BASSI,palawala jatan
JAIPUR,BASSI,patan
JAIPUR,BASSI,tunga
JAIPUR,CHAKSU,badodiya
JAIPUR,CHAKSU,harinarayanpura
JAIPUR,CHAKSU,mahadevpura
JAIPUR,CHAKSU,radoli
JAIPUR,CHAKSU,rupahedi kalan
JAIPUR,DUDU,aaidan ka bas
JAIPUR,DUDU,aakoda
JAIPUR,DUDU,bardoti
JAIPUR,DUDU,bichun
JAIPUR,DUDU,bigolav
JAIPUR,DUDU,biharipura
JAIPUR,DUDU,bobas
JAIPUR,DUDU,boraj
JAIPUR,DUDU,chainpura
JAIPUR,DUDU,dhani boraj
JAIPUR,DUDU,dudu
JAIPUR,DUDU,gudabersal
JAIPUR,DUDU,hirnoda
JAIPUR,DUDU,jhag
JAIPUR,DUDU,jharna
JAIPUR,DUDU,khudiyala
JAIPUR,DUDU,mangalwada
JAIPUR,DUDU,mokhampura
JAIPUR,DUDU,narayana
JAIPUR,DUDU,rasili
JAIPUR,DUDU,rehlana
JAIPUR,DUDU,sanwali
JAIPUR,DUDU,sardulpura
JAIPUR,DUDU,sawarda
JAIPUR,DUDU,sewa
JAIPUR,DUDU,shrirampura
JAIPUR,DUDU,sursinghpura
JAIPUR,GOVINDGARH,kaladera
JAIPUR,GOVINDGARH,mahayarkalan
JAIPUR,JAMWA RAMGARH,aandhi
JAIPUR,JAMWA RAMGARH,behlod
JAIPUR,JAMWA RAMGARH,bhawnai
JAIPUR,JAMWA RAMGARH,beerasna
JAIPUR,JAMWA RAMGARH,bovadi
JAIPUR,JAMWA RAMGARH,chanvandiya
JAIPUR,JAMWA RAMGARH,dangarwada
JAIPUR,JAMWA RAMGARH,dharmpura dhamasaya
JAIPUR,JAMWA RAMGARH,dhularavji
JAIPUR,JAMWA RAMGARH,jamwaramgarh
JAIPUR,JAMWA RAMGARH,lalwas
JAIPUR,JAMWA RAMGARH,mathasula
JAIPUR,JAMWA RAMGARH,mahangi
JAIPUR,JAMWA RAMGARH,newar
JAIPUR,JAMWA RAMGARH,phutolav
JAIPUR,JAMWA RAMGARH,raisar
JAIPUR,JAMWA RAMGARH,santokda
JAIPUR,JAMWA RAMGARH,sayapura
JAIPUR,JAMWA RAMGARH,thali
JAIPUR,JAMWA RAMGARH,tholai
JAIPUR,JHOTWARA,hathoj
JAIPUR,JHOTWARA,niwaru
JAIPUR,JHOTWARA,sumel
JAIPUR,KOTPUTLI,bhaislana
JAIPUR,KOTPUTLI,bhonawas
JAIPUR,KOTPUTLI,bhuri bhadaj
JAIPUR,KOTPUTLI,buchara
JAIPUR,KOTPUTLI,chaturbhuj
JAIPUR,KOTPUTLI,dantil
JAIPUR,KOTPUTLI,fathepura khrud
JAIPUR,KOTPUTLI,goneda
JAIPUR,KOTPUTLI,kalyanpura khurd
JAIPUR,KOTPUTLI,karoli
JAIPUR,KOTPUTLI,kansali
JAIPUR,KOTPUTLI,keshavanarajpoot
JAIPUR,KOTPUTLI,kujota
JAIPUR,KOTPUTLI,mohanpura
JAIPUR,KOTPUTLI,panditpura
JAIPUR,KOTPUTLI,panihala
JAIPUR,KOTPUTLI,patheredi
JAIPUR,KOTPUTLI,puroshatampura
JAIPUR,KOTPUTLI,rajnota
JAIPUR,KOTPUTLI,sangetada
JAIPUR,KOTPUTLI,sarud
JAIPUR,KOTPUTLI,sundarpura
JAIPUR,KOTPUTLI,sundarpuradhada
JAIPUR,KOTPUTLI,taskola
JAIPUR,KOTPUTLI,torda gurjar
JAIPUR,PHAGI,bhankrota
JAIPUR,PHAGI,chandmakalan
JAIPUR,PHAGI,chittora
JAIPUR,PHAGI,dabich
JAIPUR,PHAGI,deedawata
JAIPUR,PHAGI,dosra
JAIPUR,PHAGI,gohandi
JAIPUR,PHAGI,harsoliya
JAIPUR,PHAGI,jhaddla
JAIPUR,PHAGI,madhorajpura
JAIPUR,PHAGI,mehandawas
JAIPUR,PHAGI,mohabbatpura
JAIPUR,PHAGI,pahadiya
JAIPUR,PHAGI,phagi
JAIPUR,PHAGI,renwal manji
JAIPUR,SAMBHAR,anantpura
JAIPUR,SAMBHAR,baberwalon ki dhani
JAIPUR,SAMBHAR,bandhal
JAIPUR,SAMBHAR,baghawas
JAIPUR,SAMBHAR,basdi khurd
JAIPUR,SAMBHAR,bhavda
JAIPUR,SAMBHAR,bhaislana
JAIPUR,SAMBHAR,bhaisawa
JAIPUR,SAMBHAR,bhojpura kala
JAIPUR,SAMBHAR,dhani nagan
JAIPUR,SAMBHAR,dehra
JAIPUR,SAMBHAR,dungrsi ka bas
JAIPUR,SAMBHAR,dungari kala
JAIPUR,SAMBHAR,dungari khurd
JAIPUR,SAMBHAR,dyodi
JAIPUR,SAMBHAR,harsoli
JAIPUR,SAMBHAR,itawa
JAIPUR,SAMBHAR,jorpura sundariwas
JAIPUR,SAMBHAR,kalakh
JAIPUR,SAMBHAR,karansar
JAIPUR,SAMBHAR,khedi malik
JAIPUR,SAMBHAR,kudion ka bas
JAIPUR,SAMBHAR,lalasar
JAIPUR,SAMBHAR,luniwas
JAIPUR,SAMBHAR,malikpur
JAIPUR,SAMBHAR,mandabheem singh
JAIPUR,SAMBHAR,mundiyagarh
JAIPUR,SAMBHAR,mundoti
JAIPUR,SAMBHAR,murlipura
JAIPUR,SAMBHAR,nandari
JAIPUR,SAMBHAR,pachkodiya
JAIPUR,SAMBHAR,ramjipura kala
JAIPUR,SANGANER,dantali
JAIPUR,SANGANER,goner
JAIPUR,SANGANER,muhana
JAIPUR,SANGANER,shriram ki nangal
JAIPUR,SANGANER,vatika
JAIPUR,SANGANER,vidhani
JAIPUR,SHAHPURA,bidara
JAIPUR,SHAHPURA,devan
JAIPUR,SHAHPURA,kant
JAIPUR,SHAHPURA,nathawala
JAIPUR,VIRATNAGAR,badangar
JAIPUR,VIRATNAGAR,bhawru
JAIPUR,VIRATNAGAR,bhakari
JAIPUR,VIRATNAGAR,chhapada khurd
JAIPUR,VIRATNAGAR,jajekala
JAIPUR,VIRATNAGAR,jodhpura
JAIPUR,VIRATNAGAR,khelna
JAIPUR,VIRATNAGAR,kuned
JAIPUR,VIRATNAGAR,mandha
JAIPUR,VIRATNAGAR,pachudala
JAIPUR,VIRATNAGAR,pragpura
JAIPUR,VIRATNAGAR,rampura
JAIPUR,VIRATNAGAR,talva bihajar
JAISALMER,JAISALMER,askandra
JAISALMER,JAISALMER,ajasar
JAISALMER,JAISALMER,avai
JAISALMER,JAISALMER,basanpir
JAISALMER,JAISALMER,bharevala
JAISALMER,JAISALMER,bhu
JAISALMER,JAISALMER,bodana
JAISALMER,JAISALMER,boha
JAISALMER,JAISALMER,chinnu
JAISALMER,JAISALMER,deva
JAISALMER,JAISALMER,jaluvala
JAISALMER,JAISALMER,kanod
JAISALMER,JAISALMER,khinvsar
JAISALMER,JAISALMER,khinva
JAISALMER,JAISALMER,kita
JAISALMER,JAISALMER,madasar
JAISALMER,JAISALMER,mohangarh
JAISALMER,JAISALMER,nachna
JAISALMER,JAISALMER,nehdai
JAISALMER,JAISALMER,nokh
JAISALMER,JAISALMER,panche ka tal
JAISALMER,JAISALMER,satyaya
JAISALMER,JAISALMER,sultana
JAISALMER,JAISALMER,tavrivala
JAISALMER,JAISALMER,tadana
JAISALMER,SAM,baiya
JAISALMER,SAM,chelak
JAISALMER,SAM,dangri
JAISALMER,SAM,deda
JAISALMER,SAM,devda
JAISALMER,SAM,devikot
JAISALMER,SAM,fatehgarh
JAISALMER,SAM,habur
JAISALMER,SAM,jhinjhnivali
JAISALMER,SAM,kapuriya
JAISALMER,SAM,khuhdi
JAISALMER,SAM,kunda
JAISALMER,SAM,modha
JAISALMER,SAM,mulana
JAISALMER,SAM,narsingho ki dhani
JAISALMER,SAM,rama
JAISALMER,SAM,rasla
JAISALMER,SAM,rivdi
JAISALMER,SAM,salkha damodara
JAISALMER,SAM,sangad
JAISALMER,SAM,sikpa sipla
JAISALMER,SAM,sitodai
JAISALMER,SAM,sonu
JAISALMER,SAM,tejrava
JAISALMER,SAM,tejmalta
JAISALMER,SANKRA,balad
JAISALMER,SANKRA,bandheva
JAISALMER,SANKRA,bhaniyana
JAISALMER,SANKRA,bhikhodai
JAISALMER,SANKRA,bhurjgarh
JAISALMER,SANKRA,chhayan
JAISALMER,SANKRA,dantal
JAISALMER,SANKRA,jaloda pokran
JAISALMER,SANKRA,jhabra
JAISALMER,SANKRA,kailava
JAISALMER,SANKRA,lunakalla
JAISALMER,SANKRA,manasar
JAISALMER,SANKRA,ola
JAISALMER,SANKRA,pannasar
JAISALMER,SANKRA,phalsund
JAISALMER,SANKRA,rajgarh
JAISALMER,SANKRA,rajamthai
JAISALMER,SANKRA,ratdiya
JAISALMER,SANKRA,sardarsingh ki dhani
JAISALMER,SANKRA,swamji ki dhani
JALOR,AHORE,agveri
JALOR,AHORE,ahore
JALOR,AHORE,ajitpura
JALOR,AHORE,bhavrani
JALOR,AHORE,bhaisvada
JALOR,AHORE,norva
JALOR,AHORE,veldra
JALOR,BHINMAL,bali
JALOR,BHINMAL,bhalani
JALOR,BHINMAL,dhumbdiya
JALOR,BHINMAL,dungerva
JALOR,BHINMAL,jairan
JALOR,BHINMAL,jaisavas
JALOR,BHINMAL,kaleti
JALOR,BHINMAL,kavtara
JALOR,BHINMAL,khokha
JALOR,BHINMAL,kuka
JALOR,BHINMAL,lakhani
JALOR,BHINMAL,lunavas
JALOR,BHINMAL,morsim
JALOR,BHINMAL,narsana
JALOR,BHINMAL,rah
JALOR,BHINMAL,raouta
JALOR,BHINMAL,rangala
JALOR,BHINMAL,sevdi
JALOR,BHINMAL,vadabhadvi
JALOR,JALORE,dechu
JALOR,JALORE,dudsi
JALOR,JALORE,odvada
JALOR,JALORE,sivana
JALOR,JASWANTPURA,bharudi
JALOR,JASWANTPURA,dhansa
JALOR,JASWANTPURA,gejapura
JALOR,JASWANTPURA,khanpur
JALOR,JASWANTPURA,modra
JALOR,JASWANTPURA,tevab
JALOR,JASWANTPURA,thur
JALOR,RANIWARA,jhakhedi
JALOR,RANIWARA,jodvas
JALOR,RANIWARA,kervada
JALOR,RANIWARA,ropsi
JALOR,RANIWARA,sevada
JALOR,SANCHORE,danta
JALOR,SANCHORE,gundau
JALOR,SANCHORE,nainol
JALOR,SANCHORE,pur
JALOR,SANCHORE,surava
JALOR,SAYLA,asana
JALOR,SAYLA,babtra
JHALAWAR,BAKANI,amritkhedi
JHALAWAR,BAKANI,asalpur
JHALAWAR,BAKANI,badai
JHALAWAR,BAKANI,badbad
JHALAWAR,BAKANI,bhalta
JHALAWAR,BAKANI,bindakheda
JHALAWAR,BAKANI,borband
JHALAWAR,BAKANI,ghatoli
JHALAWAR,BAKANI,gopalpura
JHALAWAR,BAKANI,gulkhedi
JHALAWAR,BAKANI,pachola
JHALAWAR,DAG,chada
JHALAWAR,DAG,dag
JHALAWAR,DAG,guradiya kalan
JHALAWAR,DAG,keravan
JHALAWAR,DAG,khonkhriyakhurg
JHALAWAR,DAG,padliya kulmi
JHALAWAR,DAG,thikriya
JHALAWAR,JHALRAPATAN,aankkhedi
JHALAWAR,JHALRAPATAN,alava
JHALAWAR,JHALRAPATAN,bhaisani
JHALAWAR,JHALRAPATAN,bhilwada
JHALAWAR,JHALRAPATAN,dungergaon
JHALAWAR,JHALRAPATAN,ganeshpura
JHALAWAR,JHALRAPATAN,girdhanpura
JHALAWAR,JHALRAPATAN,gurdiya joga
JHALAWAR,JHALRAPATAN,guradiya mana
JHALAWAR,JHALRAPATAN,kundikheda
JHALAWAR,JHALRAPATAN,mishroli
JHALAWAR,JHALRAPATAN,mogra
JHALAWAR,JHALRAPATAN,naharghatta
JHALAWAR,JHALRAPATAN,pipliya
JHALAWAR,JHALRAPATAN,ruparail
JHALAWAR,JHALRAPATAN,sarodh
JHALAWAR,JHALRAPATAN,suliya
JHALAWAR,JHALRAPATAN,titervasa
JHALAWAR,KHANPUR,borda mau
JHALAWAR,KHANPUR,gadervada dundi
JHALAWAR,KHANPUR,gadervada noorji
JHALAWAR,KHANPUR,khanpur
JHALAWAR,KHANPUR,limi
JHALAWAR,KHANPUR,panvad
JHALAWAR,MANOHARTHANA,ametha
JHALAWAR,MANOHARTHANA,badbad
JHALAWAR,MANOHARTHANA,churaliya
JHALAWAR,MANOHARTHANA,devi chanchal
JHALAWAR,MANOHARTHANA,devlikalan
JHALAWAR,MANOHARTHANA,kharpa
JHALAWAR,MANOHARTHANA,lhas
JHALAWAR,MANOHARTHANA,lasudiya shah
JHALAWAR,MANOHARTHANA,manoherthana
JHALAWAR,MANOHARTHANA,methun
JHALAWAR,MANOHARTHANA,mishroli
JHALAWAR,MANOHARTHANA,nayapura
JHALAWAR,MANOHARTHANA,serkhadindya
JHALAWAR,MANOHARTHANA,turkadiya
JHALAWAR,PIRAWA (SUNEL),divalkheda
JHALAWAR,PIRAWA (SUNEL),hernavda gaja
JHALAWAR,PIRAWA (SUNEL),kherana
JHALAWAR,PIRAWA (SUNEL),nolai
JHUNJHUNUN,ALSISAR,bheekhansar
JHUNJHUNUN,ALSISAR,birmi
JHUNJHUNUN,ALSISAR,diloi
JHUNJHUNUN,ALSISAR,mahansar
JHUNJHUNUN,ALSISAR,malsisar
JHUNJHUNUN,ALSISAR,patoda
JHUNJHUNUN,ALSISAR,pilani khurd
JHUNJHUNUN,ALSISAR,tanee
JHUNJHUNUN,BUHANA,bhainsawat khurd
JHUNJHUNUN,BUHANA,buhana
JHUNJHUNUN,BUHANA,dhadhot kalan
JHUNJHUNUN,BUHANA,doomoli kalan
JHUNJHUNUN,BUHANA,doomoli khurd
JHUNJHUNUN,BUHANA,gada khera
JHUNJHUNUN,BUHANA,ghardana kalan
JHUNJHUNUN,BUHANA,ghardana khurd
JHUNJHUNUN,BUHANA,gujarwas
JHUNJHUNUN,BUHANA,heerwa
JHUNJHUNUN,BUHANA,khanpur
JHUNJHUNUN,BUHANA,mankdo
JHUNJHUNUN,BUHANA,moi sadda
JHUNJHUNUN,BUHANA,muradpur
JHUNJHUNUN,BUHANA,pacheri khurd
JHUNJHUNUN,BUHANA,puhaniya
JHUNJHUNUN,BUHANA,sanwlod
JHUNJHUNUN,BUHANA,shyampura manan
JHUNJHUNUN,BUHANA,singhana
JHUNJHUNUN,BUHANA,thali
JHUNJHUNUN,CHIRAWA,badangarh
JHUNJHUNUN,CHIRAWA,bajawa
JHUNJHUNUN,CHIRAWA,bhadunda kalan
JHUNJHUNUN,CHIRAWA,mandrela
JHUNJHUNUN,CHIRAWA,sultana
JHUNJHUNUN,CHIRAWA,tigiyas
JHUNJHUNUN,JHUNJHUNU,ajeetgarh
JHUNJHUNUN,JHUNJHUNU,bharoo
JHUNJHUNUN,JHUNJHUNU,bharoda khurd
JHUNJHUNUN,JHUNJHUNU,bhojasar
JHUNJHUNUN,JHUNJHUNU,churi chatarpura
JHUNJHUNUN,JHUNJHUNU,hanumanpura
JHUNJHUNUN,JHUNJHUNU,kuharoo
JHUNJHUNUN,JHUNJHUNU,mahradasi
JHUNJHUNUN,JHUNJHUNU,nooan
JHUNJHUNUN,JHUNJHUNU,purohiton ki dhani
JHUNJHUNUN,JHUNJHUNU,seegra
JHUNJHUNUN,JHUNJHUNU,siriyasar kalan
JHUNJHUNUN,JHUNJHUNU,wahidpura
JHUNJHUNUN,NAWALGARH,dundlod
JHUNJHUNUN,NAWALGARH,jakhal
JHUNJHUNUN,SURAJGARH,bangothri kalan
JHUNJHUNUN,SURAJGARH,beri
JHUNJHUNUN,SURAJGARH,bhgina
JHUNJHUNUN,SURAJGARH,deoroad
JHUNJHUNUN,SURAJGARH,dulaniya
JHUNJHUNUN,SURAJGARH,hameenpur
JHUNJHUNUN,SURAJGARH,jherli
JHUNJHUNUN,SURAJGARH,khudaniya
JHUNJHUNUN,SURAJGARH,leekhwa
JHUNJHUNUN,SURAJGARH,morwa
JHUNJHUNUN,SURAJGARH,sujdola
JODHPUR,BALESAR,balesar satta
JODHPUR,BALESAR,barnau
JODHPUR,BALESAR,belwa
JODHPUR,BALESAR,bhalu anopgarh
JODHPUR,BALESAR,bhalu rajwan
JODHPUR,BALESAR,chomu
JODHPUR,BALESAR,deriya
JODHPUR,BALESAR,devatu
JODHPUR,BALESAR,gilakaur
JODHPUR,BALESAR,godelai
JODHPUR,BALESAR,kanodiya purohitan
JODHPUR,BALESAR,ketukalla
JODHPUR,BALESAR,ketumda
JODHPUR,BALESAR,lodta achlavata
JODHPUR,BALESAR,nathdau
JODHPUR,BALESAR,sekhala
JODHPUR,BAP,bap
JODHPUR,BAP,baru
JODHPUR,BAP,bavdi kalan
JODHPUR,BAP,bungdi
JODHPUR,BAP,chakhu
JODHPUR,BAP,chanpasar
JODHPUR,BAP,chimana
JODHPUR,BAP,ghantiyali
JODHPUR,BAP,jod
JODHPUR,BAP,kansingh ki sidd
JODHPUR,BAP,kelansar
JODHPUR,BAP,luna
JODHPUR,BAP,malar
JODHPUR,BAP,nenau
JODHPUR,BAP,nokhda bhatiyan
JODHPUR,BAP,rohina
JODHPUR,BAP,shekhasar
JODHPUR,BAP,surpura
JODHPUR,BAP,tepu
JODHPUR,BHOPALGARH,bhopalgarh
JODHPUR,BHOPALGARH,bhundana
JODHPUR,BHOPALGARH,chokdi kalan
JODHPUR,BHOPALGARH,khariya khangar
JODHPUR,BHOPALGARH,khvaspura
JODHPUR,BHOPALGARH,kud
JODHPUR,BHOPALGARH,kosana
JODHPUR,BHOPALGARH,malar
JODHPUR,BHOPALGARH,paldi sidha
JODHPUR,BHOPALGARH,ramdavas kalan
JODHPUR,BHOPALGARH,ratkudiya
JODHPUR,BHOPALGARH,salva khurd
JODHPUR,BHOPALGARH,sathian
JODHPUR,BILARA,binjvadiya
JODHPUR,BILARA,borunda
JODHPUR,BILARA,boyal
JODHPUR,BILARA,buchkala
JODHPUR,BILARA,choudha
JODHPUR,BILARA,chirdani
JODHPUR,BILARA,madliya
JODHPUR,BILARA,malavas
JODHPUR,BILARA,nanan
JODHPUR,BILARA,ravniyana
JODHPUR,BILARA,riyan
JODHPUR,BILARA,silari
JODHPUR,BILARA,sindhipura
JODHPUR,BILARA,tilvasni
JODHPUR,LUNI,badliya
JODHPUR,LUNI,bhandu kalan
JODHPUR,LUNI,chichdli
JODHPUR,LUNI,dhava
JODHPUR,LUNI,doli
JODHPUR,LUNI,feench
JODHPUR,LUNI,janadesar
JODHPUR,LUNI,jhalamand
JODHPUR,LUNI,jhanwar
JODHPUR,LUNI,kalijal
JODHPUR,LUNI,khudala
JODHPUR,LUNI,lunawas kalan
JODHPUR,LUNI,lunavas khara
JODHPUR,LUNI,narnadi
JODHPUR,LUNI,piprali
JODHPUR,LUNI,rohicha kalan
JODHPUR,LUNI,subdand
JODHPUR,MANDOR,bavrla
JODHPUR,MANDOR,beru
JODHPUR,MANDOR,indroka
JODHPUR,MANDOR,joliyali
JODHPUR,MANDOR,kadvad
JODHPUR,MANDOR,keru
JODHPUR,MANDOR,lordi dejgra
JODHPUR,MANDOR,manaklav
JODHPUR,MANDOR,narva khichyan
JODHPUR,MANDOR,rohila kalan
JODHPUR,MANDOR,popawas
JODHPUR,MANDOR,salvan kalan
JODHPUR,OSIAN,badlabasni
JODHPUR,OSIAN,balrewa
JODHPUR,OSIAN,bana kabas
JODHPUR,OSIAN,bapini
JODHPUR,OSIAN,binjvadiya
JODHPUR,OSIAN,bedu
JODHPUR,OSIAN,bhikamkour
JODHPUR,OSIAN,bhaisar kotwali
JODHPUR,OSIAN,cherai
JODHPUR,OSIAN,chopasani charanan
JODHPUR,OSIAN,jakhan
JODHPUR,OSIAN,jelugadi
JODHPUR,OSIAN,malunga
JODHPUR,OSIAN,mandiyai khurd
JODHPUR,OSIAN,methaniya
JODHPUR,OSIAN,matoda
JODHPUR,OSIAN,nimbo ka talab
JODHPUR,OSIAN,palli
JODHPUR,OSIAN,panchlakhurd
JODHPUR,OSIAN,padasala
JODHPUR,OSIAN,punasar
JODHPUR,OSIAN,rampura bhatiyan
JODHPUR,OSIAN,raymalwada
JODHPUR,OSIAN,santodakhurd
JODHPUR,OSIAN,tinvri
JODHPUR,PHALODI,aamla
JODHPUR,PHALODI,aau
JODHPUR,PHALODI,bhinyasar
JODHPUR,PHALODI,bhojakour
JODHPUR,PHALODI,bhojasar
JODHPUR,PHALODI,chadi
JODHPUR,PHALODI,chhila
JODHPUR,PHALODI,dayakour
JODHPUR,PHALODI,denoak
JODHPUR,PHALODI,dhelana
JODHPUR,PHALODI,fatehsagar
JODHPUR,PHALODI,indon ka bas
JODHPUR,PHALODI,ishru
JODHPUR,PHALODI,jaloda
JODHPUR,PHALODI,jambheshwarnagar
JODHPUR,PHALODI,kolu pabji
JODHPUR,PHALODI,kushalava
JODHPUR,PHALODI,laxmannagar
JODHPUR,PHALODI,lohawat jatawas
JODHPUR,PHALODI,lohawat vishnawas
JODHPUR,PHALODI,mandla kalan
JODHPUR,PHALODI,phadiyal
JODHPUR,PHALODI,palina
JODHPUR,PHALODI,pilwa
JODHPUR,PHALODI,ridmalsar
JODHPUR,PHALODI,sadri
JODHPUR,PHALODI,shaitansingh nagar
JODHPUR,PHALODI,shri krishannagar
JODHPUR,SHERGARH,chandsama
JODHPUR,SHERGARH,chourdiya
JODHPUR,SHERGARH,dechu
JODHPUR,SHERGARH,gada
JODHPUR,SHERGARH,gumanpura
JODHPUR,SHERGARH,jaitsar
JODHPUR,SHERGARH,jethaniya
JODHPUR,SHERGARH,kelau
JODHPUR,SHERGARH,khirjakhas
JODHPUR,SHERGARH,khirjatibna
JODHPUR,SHERGARH,raisar
JODHPUR,SHERGARH,setrava
JODHPUR,SHERGARH,siyanda
JODHPUR,SHERGARH,untavaliya
KARAULI,HINDAUN,alipura
KARAULI,HINDAUN,bajheda
KARAULI,HINDAUN,bajanakala
KARAULI,HINDAUN,bargama
KARAULI,HINDAUN,chandangaon
KARAULI,HINDAUN,danalpur
KARAULI,HINDAUN,dehra
KARAULI,HINDAUN,gavda meena
KARAULI,HINDAUN,irniya
KARAULI,HINDAUN,kachroli
KARAULI,HINDAUN,katakad
KARAULI,HINDAUN,khedli gurjar
KARAULI,HINDAUN,kheda
KARAULI,HINDAUN,kotri
KARAULI,HINDAUN,nangal meena
KARAULI,HINDAUN,palanpur
KARAULI,HINDAUN,sanet
KARAULI,HINDAUN,shrimahaveerji
KARAULI,HINDAUN,suroth
KARAULI,HINDAUN,todupura
KARAULI,KARAULI,bhavli
KARAULI,KARAULI,danda
KARAULI,KARAULI,dukawali
KARAULI,KARAULI,fatehpur
KARAULI,KARAULI,guvreda
KARAULI,KARAULI,jamura
KARAULI,KARAULI,kanchanpur
KARAULI,KARAULI,khunda
KARAULI,KARAULI,kota mamchari
KARAULI,KARAULI,masalpur
KARAULI,KARAULI,narayana
KARAULI,KARAULI,piprani
KARAULI,KARAULI,rundhpura
KARAULI,KARAULI,seeloti
KARAULI,NADAUTI,kema
KARAULI,NADAUTI,kemri
KARAULI,NADAUTI,raysna
KARAULI,SAPOTRA,bahadarpur
KARAULI,SAPOTRA,bapoti
KARAULI,SAPOTRA,batda
KARAULI,SAPOTRA,bhankari
KARAULI,SAPOTRA,bukna
KARAULI,SAPOTRA,bugdar
KARAULI,SAPOTRA,chandelipura
KARAULI,SAPOTRA,dhoreta
KARAULI,SAPOTRA,gurdha
KARAULI,SAPOTRA,karanpur
KARAULI,SAPOTRA,kased
KARAULI,SAPOTRA,langra
KARAULI,SAPOTRA,luloj
KARAULI,SAPOTRA,mahajrapura
KARAULI,SAPOTRA,mandrayal
KARAULI,SAPOTRA,mongepura
KARAULI,SAPOTRA,nanpur
KARAULI,SAPOTRA,narolidog
KARAULI,SAPOTRA,neendar
KARAULI,SAPOTRA,odach
KARAULI,SAPOTRA,oond
KARAULI,SAPOTRA,pancholi
KARAULI,SAPOTRA,rahir
KARAULI,SAPOTRA,ranipura
KARAULI,SAPOTRA,rodhai
KARAULI,SAPOTRA,sapotra
KARAULI,SAPOTRA,toda
KARAULI,TODABHIM,jhadisa
KARAULI,TODABHIM,jaul
KARAULI,TODABHIM,kiriri
KARAULI,TODABHIM,katara ajeej
KARAULI,TODABHIM,paladakhalsa
KARAULI,TODABHIM,sahrakar
KARAULI,TODABHIM,tighriya
KOTA,ITAWA,gaita
KOTA,ITAWA,itawa
KOTA,ITAWA,kaithuda
KOTA,ITAWA,pipaldakala
KOTA,ITAWA,sahnanavada
KOTA,KHAIRABAD,kukda khurd
KOTA,KHAIRABAD,pipakhedi
KOTA,KHAIRABAD,saledakhurd
KOTA,KHAIRABAD,suket
KOTA,LADPURA,godlyahedi
KOTA,LADPURA,khedarsulpur
KOTA,LADPURA,kolana  laxmipura
KOTA,SANGOD,aanva
KOTA,SULTANPUR,notada
KOTA,SULTANPUR,sultanur
KOTA,SULTANPUR,toran
NAGAUR,DEGANA,goredi chancha
NAGAUR,DEGANA,harsor
NAGAUR,DEGANA,jhagdwas
NAGAUR,DEGANA,langod
NAGAUR,DEGANA,mandlajodha
NAGAUR,DEGANA,mevada
NAGAUR,DEGANA,nathavada
NAGAUR,DEGANA,numbadi chandawata
NAGAUR,DEGANA,nimbdikalan
NAGAUR,DEGANA,rajlota
NAGAUR,DEGANA,saanju
NAGAUR,DEGANA,thata
NAGAUR,DIDWANA,aakoda
NAGAUR,DIDWANA,alakhpura
NAGAUR,DIDWANA,bardawa
NAGAUR,DIDWANA,begsar
NAGAUR,DIDWANA,bairakhurd
NAGAUR,DIDWANA,bhandliya
NAGAUR,DIDWANA,bheechawa
NAGAUR,DIDWANA,chhaparikalan
NAGAUR,DIDWANA,chhaparikhurd
NAGAUR,DIDWANA,dabda
NAGAUR,DIDWANA,dakipura
NAGAUR,DIDWANA,daudsar
NAGAUR,DIDWANA,dhankoli
NAGAUR,DIDWANA,deendarpura
NAGAUR,DIDWANA,khankholi
NAGAUR,DIDWANA,khatukhurd
NAGAUR,DIDWANA,khojas
NAGAUR,DIDWANA,ladariya
NAGAUR,DIDWANA,molasar
NAGAUR,DIDWANA,nimbod
NAGAUR,DIDWANA,nunva
NAGAUR,DIDWANA,pidawa
NAGAUR,DIDWANA,raseedpura
NAGAUR,DIDWANA,sigarawatkala
NAGAUR,DIDWANA,sudrasan
NAGAUR,DIDWANA,thebdi
NAGAUR,DIDWANA,toshina
NAGAUR,JAYAL,aavaliyasar
NAGAUR,JAYAL,bodava
NAGAUR,JAYAL,didiyakalan
NAGAUR,JAYAL,geloli
NAGAUR,JAYAL,jayal
NAGAUR,JAYAL,lunasara
NAGAUR,JAYAL,rol
NAGAUR,JAYAL,rontu
NAGAUR,JAYAL,roopathal
NAGAUR,KUCHAMAN CITY,barjan
NAGAUR,KUCHAMAN CITY,bhagwanpura
NAGAUR,KUCHAMAN CITY,bhuni
NAGAUR,KUCHAMAN CITY,chosla
NAGAUR,KUCHAMAN CITY,govindi
NAGAUR,KUCHAMAN CITY,gudha salot
NAGAUR,KUCHAMAN CITY,hundil
NAGAUR,KUCHAMAN CITY,indokha
NAGAUR,KUCHAMAN CITY,jabdinagar
NAGAUR,KUCHAMAN CITY,jeenliya
NAGAUR,KUCHAMAN CITY,khakdkhi
NAGAUR,KUCHAMAN CITY,khiriya
NAGAUR,KUCHAMAN CITY,lichana
NAGAUR,KUCHAMAN CITY,lunava
NAGAUR,KUCHAMAN CITY,maharajpura
NAGAUR,KUCHAMAN CITY,meenda
NAGAUR,KUCHAMAN CITY,meethdi
NAGAUR,KUCHAMAN CITY,mundghosai
NAGAUR,KUCHAMAN CITY,muwana
NAGAUR,KUCHAMAN CITY,plada
NAGAUR,KUCHAMAN CITY,panchota
NAGAUR,KUCHAMAN CITY,ruppura
NAGAUR,KUCHAMAN CITY,sargoth padampura
NAGAUR,KUCHAMAN CITY,shimbhupura
NAGAUR,KUCHAMAN CITY,shyamgarh
NAGAUR,KUCHAMAN CITY,solaya
NAGAUR,LADNU,rodu
NAGAUR,MAKRANA,borawad
NAGAUR,MAKRANA,dhana grawa
NAGAUR,MAKRANA,kukadod
NAGAUR,MERTA,merta road phalodi
NAGAUR,MERTA,pundalu
NAGAUR,MUNDWA,aachina
NAGAUR,MUNDWA,aankala
NAGAUR,MUNDWA,berthalkala
NAGAUR,MUNDWA,berawas
NAGAUR,MUNDWA,bhavanda
NAGAUR,MUNDWA,birloka
NAGAUR,MUNDWA,dehru
NAGAUR,MUNDWA,kadlu
NAGAUR,MUNDWA,kantiya
NAGAUR,MUNDWA,khatoda
NAGAUR,MUNDWA,lalawas
NAGAUR,MUNDWA,madpura
NAGAUR,MUNDWA,narwakalan
NAGAUR,MUNDWA,panchala siddha
NAGAUR,MUNDWA,panchodi
NAGAUR,MUNDWA,pipliya
NAGAUR,MUNDWA,run
NAGAUR,NAGAUR,basni
NAGAUR,NAGAUR,bhed
NAGAUR,NAGAUR,bhojas
NAGAUR,NAGAUR,bhomasar
NAGAUR,NAGAUR,bhundel
NAGAUR,NAGAUR,chenar
NAGAUR,NAGAUR,datina
NAGAUR,NAGAUR,deu
NAGAUR,NAGAUR,dhingsara
NAGAUR,NAGAUR,gudha bhawandas
NAGAUR,NAGAUR,karnu
NAGAUR,NAGAUR,pabusar
NAGAUR,NAGAUR,sevdi
NAGAUR,NAGAUR,singad
NAGAUR,NAGAUR,tankla
NAGAUR,NAGAUR,tatwas
NAGAUR,NAGAUR,tausar
NAGAUR,PARBATSAR,pilawa
NAGAUR,PARBATSAR,pipalad
NAGAUR,RIYAN BADI,aalniyawas
NAGAUR,RIYAN BADI,badighati
NAGAUR,RIYAN BADI,bherunda
NAGAUR,RIYAN BADI,dhandlas uda
NAGAUR,RIYAN BADI,dhanipura
NAGAUR,RIYAN BADI,dodiyana
NAGAUR,RIYAN BADI,katyasani
NAGAUR,RIYAN BADI,kod
NAGAUR,RIYAN BADI,ladpura
NAGAUR,RIYAN BADI,liliya
NAGAUR,RIYAN BADI,modikalan
NAGAUR,RIYAN BADI,morra
NAGAUR,RIYAN BADI,mungada
NAGAUR,RIYAN BADI,nimbolabiswa
NAGAUR,RIYAN BADI,riyabadi
NAGAUR,RIYAN BADI,sathanakla
NAGAUR,RIYAN BADI,sudavad
NAGAUR,RIYAN BADI,tehla
NAGAUR,RIYAN BADI,thawla
PALI,BALI,beda
PALI,BALI,dudani
PALI,BALI,pairva
PALI,BALI,saina
PALI,DESURI,panauta
PALI,JAITARAN,rabadiawas
PALI,JAITARAN,tukda
PALI,KHARCHI(MAR.JUN),bithaudakalan
PALI,KHARCHI(MAR.JUN),chaukdiya
PALI,KHARCHI(MAR.JUN),devali mua
PALI,KHARCHI(MAR.JUN),dudaud
PALI,KHARCHI(MAR.JUN),guda kesarsingh
PALI,KHARCHI(MAR.JUN),hemaliawas khurd
PALI,KHARCHI(MAR.JUN),kharchi
PALI,KHARCHI(MAR.JUN),marwar junction
PALI,RAIPUR,devalikalan
PALI,RAIPUR,raipur
PALI,RANI STATION,ghenadi
PALI,SOJAT,karamawas patta
PALI,SOJAT,raira kalan
PALI,SOJAT,sojat road
PALI,SUMERPUR,devatra
RAJSAMAND,AMET,leeki
RAJSAMAND,BHIM,bheem
RAJSAMAND,BHIM,dewar
RAJSAMAND,BHIM,dangerkheda
RAJSAMAND,BHIM,pipli nagar
RAJSAMAND,BHIM,thikarwas
RAJSAMAND,DEOGARH,dolpura
RAJSAMAND,KHAMNOR,bilota
RAJSAMAND,KHAMNOR,delwara
RAJSAMAND,KHAMNOR,ghodach
RAJSAMAND,KHAMNOR,kaliwas
RAJSAMAND,KHAMNOR,karoli
RAJSAMAND,KHAMNOR,kesuli
RAJSAMAND,KHAMNOR,kothariya
RAJSAMAND,KHAMNOR,lalmadri
RAJSAMAND,KHAMNOR,mandiyana
RAJSAMAND,KHAMNOR,nedach
RAJSAMAND,KHAMNOR,pakhand
RAJSAMAND,KHAMNOR,salor
RAJSAMAND,KHAMNOR,semal
RAJSAMAND,KHAMNOR,shishvi
RAJSAMAND,KHAMNOR,upali odan
RAJSAMAND,KHAMNOR,unthnol
RAJSAMAND,KUMBHALGARH,kalinger
RAJSAMAND,KUMBHALGARH,pipada
RAJSAMAND,KUMBHALGARH,vardra
RAJSAMAND,RAILMAGRA,junada
RAJSAMAND,RAILMAGRA,pipliahiran
RAJSAMAND,RAJSAMAND,atama
RAJSAMAND,RAJSAMAND,farara
RAJSAMAND,RAJSAMAND,fiyawadi
RAJSAMAND,RAJSAMAND,piplatiri kalan
RAJSAMAND,RAJSAMAND,pipali aacharyan
SAWAI MADHOPUR,BAMANWAS,bamanwas patti kala
SAWAI MADHOPUR,BAMANWAS,bamanwas patti khurd
SAWAI MADHOPUR,BAMANWAS,gujar barauda
SAWAI MADHOPUR,BAMANWAS,narolichod
SAWAI MADHOPUR,BONLI,bahter
SAWAI MADHOPUR,BONLI,bhadoti
SAWAI MADHOPUR,BONLI,bhukha
SAWAI MADHOPUR,BONLI,bichhidona
SAWAI MADHOPUR,BONLI,bonli
SAWAI MADHOPUR,BONLI,chak biloli
SAWAI MADHOPUR,BONLI,gambheera
SAWAI MADHOPUR,BONLI,jolanda
SAWAI MADHOPUR,BONLI,khirani
SAWAI MADHOPUR,BONLI,maksudanpura
SAWAI MADHOPUR,BONLI,malarna chour
SAWAI MADHOPUR,BONLI,malarnadungar
SAWAI MADHOPUR,BONLI,nimod karel
SAWAI MADHOPUR,BONLI,sesa
SAWAI MADHOPUR,GANGAPUR CITY,hirapur
SAWAI MADHOPUR,GANGAPUR CITY,vajirpur
SAWAI MADHOPUR,KHANDAR,bhuri phari
SAWAI MADHOPUR,KHANDAR,dungri
SAWAI MADHOPUR,KHANDAR,khijuri
SAWAI MADHOPUR,KHANDAR,kosra chhareta
SAWAI MADHOPUR,KHANDAR,pancholas
SAWAI MADHOPUR,KHANDAR,ravanjana chour
SAWAI MADHOPUR,SAWAI MADHOPUR,adalwarakala
SAWAI MADHOPUR,SAWAI MADHOPUR,balaria
SAWAI MADHOPUR,SAWAI MADHOPUR,bhagwatgarh
SAWAI MADHOPUR,SAWAI MADHOPUR,bhedola
SAWAI MADHOPUR,SAWAI MADHOPUR,binjari
SAWAI MADHOPUR,SAWAI MADHOPUR,chouth ka barwada
SAWAI MADHOPUR,SAWAI MADHOPUR,dahakava
SAWAI MADHOPUR,SAWAI MADHOPUR,didyach
SAWAI MADHOPUR,SAWAI MADHOPUR,isarda
SAWAI MADHOPUR,SAWAI MADHOPUR,jatva kala
SAWAI MADHOPUR,SAWAI MADHOPUR,jhopra
SAWAI MADHOPUR,SAWAI MADHOPUR,jola
SAWAI MADHOPUR,SAWAI MADHOPUR,kushalta
SAWAI MADHOPUR,SAWAI MADHOPUR,mahapura
SAWAI MADHOPUR,SAWAI MADHOPUR,mui
SAWAI MADHOPUR,SAWAI MADHOPUR,paonderapavdeda
SAWAI MADHOPUR,SAWAI MADHOPUR,rajwana
SAWAI MADHOPUR,SAWAI MADHOPUR,sarsoap
SAWAI MADHOPUR,SAWAI MADHOPUR,sailu
SAWAI MADHOPUR,SAWAI MADHOPUR,shivar
SAWAI MADHOPUR,SAWAI MADHOPUR,tapur
SIKAR,DANTA RAMGARH,aloda
SIKAR,DANTA RAMGARH,banuda
SIKAR,DANTA RAMGARH,bhirana
SIKAR,DANTA RAMGARH,danta
SIKAR,DANTA RAMGARH,dheengpur
SIKAR,DANTA RAMGARH,duvidha
SIKAR,DANTA RAMGARH,dukiya
SIKAR,DANTA RAMGARH,ganoda
SIKAR,DANTA RAMGARH,gowti
SIKAR,DANTA RAMGARH,jana
SIKAR,DANTA RAMGARH,khandelsar
SIKAR,DANTA RAMGARH,khatu
SIKAR,DANTA RAMGARH,khud
SIKAR,DANTA RAMGARH,kochhor
SIKAR,DANTA RAMGARH,ladpur
SIKAR,DANTA RAMGARH,lamiya
SIKAR,DANTA RAMGARH,manda madni
SIKAR,DANTA RAMGARH,ralawata
SIKAR,DANTA RAMGARH,reta
SIKAR,DANTA RAMGARH,sami
SIKAR,DANTA RAMGARH,sangaliya
SIKAR,DHOD,anokhu
SIKAR,DHOD,bherupura
SIKAR,DHOD,dhond
SIKAR,DHOD,dugoli
SIKAR,DHOD,dujod
SIKAR,DHOD,losal chhoti
SIKAR,DHOD,savloda ghayalan
SIKAR,FATEHPUR,badusar
SIKAR,FATEHPUR,balara
SIKAR,FATEHPUR,batdanau
SIKAR,FATEHPUR,chudimiya
SIKAR,FATEHPUR,disnau
SIKAR,FATEHPUR,rajas
SIKAR,FATEHPUR,rajpura
SIKAR,KHANDELA,burjaki dhani
SIKAR,KHANDELA,chokadi
SIKAR,KHANDELA,hardas ka bas
SIKAR,KHANDELA,hathideh
SIKAR,KHANDELA,jhadli
SIKAR,KHANDELA,kalyanpura thoi
SIKAR,KHANDELA,kardaka
SIKAR,KHANDELA,sawaipura pujari ka bas
SIKAR,KHANDELA,thikaria gajsinghpura
SIKAR,KHANDELA,thoi
SIKAR,LACHHMANGARH,dehar ka bas
SIKAR,LACHHMANGARH,ganedi
SIKAR,LACHHMANGARH,gadoda
SIKAR,LACHHMANGARH,ghirniya bada
SIKAR,LACHHMANGARH,kachhawa
SIKAR,LACHHMANGARH,kumas jagir
SIKAR,LACHHMANGARH,mangluna
SIKAR,LACHHMANGARH,mirand
SIKAR,LACHHMANGARH,nechhawa
SIKAR,LACHHMANGARH,rulayani mali
SIKAR,LACHHMANGARH,rulayani
SIKAR,LACHHMANGARH,susoth
SIKAR,LACHHMANGARH,sutod
SIKAR,LACHHMANGARH,tidoki badi
SIKAR,NEEM KA THANA,ballupura
SIKAR,NEEM KA THANA,bega ki nangal
SIKAR,NEEM KA THANA,bihar
SIKAR,NEEM KA THANA,biharipur
SIKAR,NEEM KA THANA,chhaja ki nangal
SIKAR,NEEM KA THANA,charanwas puranawas
SIKAR,NEEM KA THANA,cheeplata
SIKAR,NEEM KA THANA,dabla
SIKAR,NEEM KA THANA,dalpatpura
SIKAR,NEEM KA THANA,dariba
SIKAR,NEEM KA THANA,deepwas
SIKAR,NEEM KA THANA,dokan
SIKAR,NEEM KA THANA,dunga ki nagal
SIKAR,NEEM KA THANA,ghasipura
SIKAR,NEEM KA THANA,godawas
SIKAR,NEEM KA THANA,hasampur
SIKAR,NEEM KA THANA,jeelo
SIKAR,NEEM KA THANA,khatkad ajmeri
SIKAR,NEEM KA THANA,kishorpura
SIKAR,NEEM KA THANA,ladi ka bas
SIKAR,NEEM KA THANA,makdi
SIKAR,NEEM KA THANA,manda kala
SIKAR,NEEM KA THANA,mokalwas jhareenda
SIKAR,NEEM KA THANA,mothuka
SIKAR,NEEM KA THANA,patan
SIKAR,NEEM KA THANA,peethalpur
SIKAR,NEEM KA THANA,raipur jageer
SIKAR,NEEM KA THANA,raipur patan
SIKAR,NEEM KA THANA,rajpura
SIKAR,NEEM KA THANA,ramsinghpura
SIKAR,NEEM KA THANA,salodra
SIKAR,NEEM KA THANA,sanwalpura tanvran
SIKAR,NEEM KA THANA,shyampura
SIKAR,NEEM KA THANA,tatera
SIKAR,NEEM KA THANA,toda
SIKAR,PIPRALI,abhayapura
SIKAR,PIPRALI,bhadwasi
SIKAR,PIPRALI,chandpura
SIKAR,PIPRALI,kolida
SIKAR,PIPRALI,katarthal
SIKAR,PIPRALI,ladhana
SIKAR,PIPRALI,nani
SIKAR,PIPRALI,palsana
SIKAR,PIPRALI,radha kishanpura
SIKAR,PIPRALI,ranoli
SIKAR,PIPRALI,rewasa
SIKAR,PIPRALI,sangrwa
SIKAR,PIPRALI,shisu
SIKAR,PIPRALI,shyampura
SIKAR,PIPRALI,sujawas
SIKAR,SRI MADHOPUR,aabhawas
SIKAR,SRI MADHOPUR,aaspura
SIKAR,SRI MADHOPUR,ajeetgarh
SIKAR,SRI MADHOPUR,chomu purohitan
SIKAR,SRI MADHOPUR,dadiya rampura
SIKAR,SRI MADHOPUR,divrala
SIKAR,SRI MADHOPUR,futala
SIKAR,SRI MADHOPUR,garh taknet
SIKAR,SRI MADHOPUR,hathora
SIKAR,SRI MADHOPUR,jaitusar
SIKAR,SRI MADHOPUR,jugrajpura
SIKAR,SRI MADHOPUR,kotdi dhayalan
SIKAR,SRI MADHOPUR,lanpura
SIKAR,SRI MADHOPUR,malakali
SIKAR,SRI MADHOPUR,patwari ka bas
SIKAR,SRI MADHOPUR,saroth
SIKAR,SRI MADHOPUR,sihodi
SIKAR,SRI MADHOPUR,tapiplya
SIROHI,ABU ROAD,akarabhatta
SIROHI,ABU ROAD,aval
SIROHI,ABU ROAD,doytara
SIROHI,ABU ROAD,jambudi
SIROHI,PINDWARA,nitora
SIROHI,REODAR,lunol
SIROHI,REODAR,mandar
SIROHI,SIROHI,fungani
TONK,DEOLI,banthali
TONK,DEOLI,devdawas
TONK,DEOLI,devligaon
TONK,DEOLI,duni
TONK,DEOLI,gavadi
TONK,DEOLI,khwaxpura
TONK,MALPURA,avda
TONK,MALPURA,antoli
TONK,MALPURA,buda deval
TONK,MALPURA,diggi
TONK,MALPURA,ganvar
TONK,MALPURA,lambaharisingh
TONK,MALPURA,rindliya bujurg
TONK,MALPURA,soda bavdi
TONK,NEWAI,bharthla
TONK,NEWAI,khandwa
TONK,NEWAI,mahapura urg turdiya
TONK,NEWAI,sidda
TONK,NEWAI,titoli urf badgaon
TONK,TODARAISINGH,bavdi
TONK,TODARAISINGH,kherda
TONK,TONK,bagdi
TONK,TONK,bagdawa
TONK,TONK,banwada
TONK,TONK,borkhandikalan
TONK,TONK,chougai
TONK,TONK,dardahind
TONK,TONK,dardaturki
TONK,TONK,dodwadi
TONK,TONK,galod
TONK,TONK,hadikalan
TONK,TONK,jhirana
TONK,TONK,joula
TONK,TONK,kashipura
TONK,TONK,kathmana
TONK,TONK,kureda
TONK,TONK,loharwada
TONK,TONK,naner
TONK,TONK,nathdi
TONK,TONK,nimbheda
TONK,TONK,pasrotiya
TONK,TONK,piplu
TONK,TONK,pyavdi
TONK,TONK,ranoli
TONK,TONK,sandeda
TONK,TONK,sohela
TONK,TONK,sonwa
TONK,UNIARA,kachravta
TONK,UNIARA,khelniya
TONK,UNIARA,mohammedpura
TONK,UNIARA,suthda
UDAIPUR,BARGAON,bedala
UDAIPUR,BARGAON,bhuvana
UDAIPUR,BARGAON,chirva
UDAIPUR,BARGAON,losing
UDAIPUR,BARGAON,shobhgpura
UDAIPUR,BARGAON,thur
UDAIPUR,BHINDER,adinda
UDAIPUR,BHINDER,balathal
UDAIPUR,BHINDER,batharda khurd
UDAIPUR,BHINDER,batharda kalan
UDAIPUR,BHINDER,bhatewar
UDAIPUR,BHINDER,daroli
UDAIPUR,BHINDER,dhamaniya
UDAIPUR,BHINDER,dhawariya
UDAIPUR,BHINDER,dhawa
UDAIPUR,BHINDER,gotipa
UDAIPUR,BHINDER,goopari
UDAIPUR,BHINDER,karanpur
UDAIPUR,BHINDER,kharsan
UDAIPUR,BHINDER,keekawas
UDAIPUR,BHINDER,loonanda
UDAIPUR,BHINDER,maharaj ki kheri
UDAIPUR,BHINDER,malki toos
UDAIPUR,BHINDER,menar
UDAIPUR,BHINDER,modi
UDAIPUR,BHINDER,nandwel
UDAIPUR,BHINDER,rundeda
UDAIPUR,BHINDER,tarawat
UDAIPUR,BHINDER,tus dangiyan
UDAIPUR,BHINDER,vallabh nagar
UDAIPUR,GIRWA,balicha
UDAIPUR,GIRWA,bambora
UDAIPUR,GIRWA,bhaisrakalan
UDAIPUR,GIRWA,bhaisrakhurd
UDAIPUR,GIRWA,bhalo ka guda
UDAIPUR,GIRWA,bhoiyon ki pacholi
UDAIPUR,GIRWA,bichhadi
UDAIPUR,GIRWA,bori
UDAIPUR,GIRWA,charavda
UDAIPUR,GIRWA,dantisar
UDAIPUR,GIRWA,dewari
UDAIPUR,GIRWA,jagat
UDAIPUR,GIRWA,jhamarkotda
UDAIPUR,GIRWA,kalarwas
UDAIPUR,GIRWA,kanpur
UDAIPUR,GIRWA,kot
UDAIPUR,GIRWA,kurabad
UDAIPUR,GIRWA,lalpura
UDAIPUR,GIRWA,parmda
UDAIPUR,GIRWA,sakroda
UDAIPUR,GIRWA,savina khera gramin
UDAIPUR,GIRWA,shishvi
UDAIPUR,GIRWA,somakhera
UDAIPUR,GIRWA,sulawas
UDAIPUR,GIRWA,titardi
UDAIPUR,GIRWA,vali
UDAIPUR,GIRWA,vallabh
UDAIPUR,GOGUNDA,bhanpura
UDAIPUR,GOGUNDA,brahmano ka kalvana
UDAIPUR,GOGUNDA,chitrawas
UDAIPUR,GOGUNDA,dhol
UDAIPUR,GOGUNDA,dhundhi
UDAIPUR,GOGUNDA,diyan
UDAIPUR,GOGUNDA,gundali
UDAIPUR,GOGUNDA,kachhaba
UDAIPUR,GOGUNDA,kamol
UDAIPUR,GOGUNDA,karda
UDAIPUR,GOGUNDA,nandeshama
UDAIPUR,GOGUNDA,palasama
UDAIPUR,GOGUNDA,paner
UDAIPUR,GOGUNDA,punawali
UDAIPUR,GOGUNDA,ravachh
UDAIPUR,GOGUNDA,sayara
UDAIPUR,GOGUNDA,semad
UDAIPUR,GOGUNDA,singhara
UDAIPUR,GOGUNDA,suavton ka guda
UDAIPUR,GOGUNDA,tarpal
UDAIPUR,GOGUNDA,tirol
UDAIPUR,GOGUNDA,visma
UDAIPUR,JHADOL,amiwara
UDAIPUR,JHADOL,aamod
UDAIPUR,JHADOL,anjorli khas
UDAIPUR,JHADOL,ambasa
UDAIPUR,JHADOL,birothi
UDAIPUR,JHADOL,dheya
UDAIPUR,JHADOL,dharavan
UDAIPUR,JHADOL,garanwas
UDAIPUR,JHADOL,jekada
UDAIPUR,JHADOL,jetawara
UDAIPUR,JHADOL,khati kamdi
UDAIPUR,JHADOL,kolyari
UDAIPUR,JHADOL,madari
UDAIPUR,JHADOL,madala
UDAIPUR,JHADOL,makradav
UDAIPUR,JHADOL,newaj
UDAIPUR,JHADOL,nichali sigari
UDAIPUR,JHADOL,panarwa
UDAIPUR,JHADOL,phalasia
UDAIPUR,JHADOL,pipalbara
UDAIPUR,JHADOL,som
UDAIPUR,KHERWARA,asariwada
UDAIPUR,KHERWARA,balicha
UDAIPUR,KHERWARA,bhomtabara
UDAIPUR,KHERWARA,bhudar
UDAIPUR,KHERWARA,chhani
UDAIPUR,KHERWARA,chikla
UDAIPUR,KHERWARA,dabayacha
UDAIPUR,KHERWARA,deri
UDAIPUR,KHERWARA,dhelana
UDAIPUR,KHERWARA,gadawat
UDAIPUR,KHERWARA,ghori
UDAIPUR,KHERWARA,garnala kotda
UDAIPUR,KHERWARA,guda
UDAIPUR,KHERWARA,harshawada
UDAIPUR,KHERWARA,jalpaka
UDAIPUR,KHERWARA,jayara
UDAIPUR,KHERWARA,kagdar bhatia
UDAIPUR,KHERWARA,kalyanpur
UDAIPUR,KHERWARA,kanuwara
UDAIPUR,KHERWARA,kanbai
UDAIPUR,KHERWARA,ketav
UDAIPUR,KHERWARA,kikawat
UDAIPUR,KHERWARA,kojawara
UDAIPUR,KHERWARA,mahuwal
UDAIPUR,KHERWARA,mandvafala
UDAIPUR,KHERWARA,masaron ki obari
UDAIPUR,KHERWARA,nayagaon
UDAIPUR,KHERWARA,nichla mandava
UDAIPUR,KHERWARA,padari
UDAIPUR,KHERWARA,pahar
UDAIPUR,KHERWARA,pandiyawara
UDAIPUR,KHERWARA,pipli a
UDAIPUR,KHERWARA,pipli b
UDAIPUR,KHERWARA,rishabhdev
UDAIPUR,KHERWARA,sagwara
UDAIPUR,KHERWARA,sarera
UDAIPUR,KHERWARA,saklal
UDAIPUR,KHERWARA,thana
UDAIPUR,KOTRA,bakeria
UDAIPUR,KOTRA,dang
UDAIPUR,KOTRA,gogurudh
UDAIPUR,KOTRA,jogiwar
UDAIPUR,KOTRA,kayari
UDAIPUR,KOTRA,malva ka chourh
UDAIPUR,KOTRA,merpur
UDAIPUR,KOTRA,mewaron ka math
UDAIPUR,KOTRA,teja ka was
UDAIPUR,KOTRA,ukhaliyat
UDAIPUR,MAVLI,dabok
UDAIPUR,MAVLI,dholi magri
UDAIPUR,MAVLI,ghasa
UDAIPUR,MAVLI,gudli
UDAIPUR,MAVLI,jewana
UDAIPUR,MAVLI,khemli
UDAIPUR,MAVLI,mangthala
UDAIPUR,MAVLI,mavli
UDAIPUR,MAVLI,merta
UDAIPUR,MAVLI,namri
UDAIPUR,MAVLI,nandwel
UDAIPUR,MAVLI,nauwa
UDAIPUR,MAVLI,noorda
UDAIPUR,MAVLI,palana kalan
UDAIPUR,MAVLI,palana khurd
UDAIPUR,MAVLI,rakhyawal
UDAIPUR,MAVLI,salera kalan
UDAIPUR,MAVLI,sangwa
UDAIPUR,MAVLI,sindhu
UDAIPUR,MAVLI,warni
UDAIPUR,MAVLI,vijanwas
UDAIPUR,MAVLI,veer dholiya
UDAIPUR,SALUMBAR,amlava
UDAIPUR,SALUMBAR,banoda
UDAIPUR,SALUMBAR,bhabrana
UDAIPUR,SALUMBAR,budel
UDAIPUR,SALUMBAR,devgaon
UDAIPUR,SALUMBAR,dholagar khera
UDAIPUR,SALUMBAR,jetana
UDAIPUR,SALUMBAR,jhallar
UDAIPUR,SALUMBAR,jodhpurkhurd
UDAIPUR,SALUMBAR,kalyankala
UDAIPUR,SALUMBAR,karakalan
UDAIPUR,SALUMBAR,malpur
UDAIPUR,SALUMBAR,manpur
UDAIPUR,SALUMBAR,matasula
UDAIPUR,SALUMBAR,morila
UDAIPUR,SALUMBAR,payara
UDAIPUR,SALUMBAR,saria
UDAIPUR,SALUMBAR,sheshpur
UDAIPUR,SARADA,amarpura
UDAIPUR,SARADA,badawali
UDAIPUR,SARADA,bhalriya
UDAIPUR,SARADA,bhorai
UDAIPUR,SARADA,chandora
UDAIPUR,SARADA,devpura
UDAIPUR,SARADA,dhankawara
UDAIPUR,SARADA,gatod
UDAIPUR,SARADA,ghorasar
UDAIPUR,SARADA,intali
UDAIPUR,SARADA,javad
UDAIPUR,SARADA,jhadol
UDAIPUR,SARADA,kewarakhurd
UDAIPUR,SARADA,kharbar
UDAIPUR,SARADA,kunda
UDAIPUR,SARADA,kuradia
UDAIPUR,SARADA,mallara
UDAIPUR,SARADA,nevatalai
UDAIPUR,SARADA,padala
UDAIPUR,SARADA,palodra
UDAIPUR,SARADA,piladar
UDAIPUR,SARADA,rathora
UDAIPUR,SARADA,sadkadi
UDAIPUR,SARADA,sallara
UDAIPUR,SARADA,semari
UDAIPUR,SARADA,shyampura ja
UDAIPUR,SARADA,shyampura sa
UDAIPUR,SARADA,singhatwara
UDAIPUR,SARADA,surkhan ka khera
UDAIPUR,SARADA,tokar
UDAIPUR,SARADA,veerpura
